date,T,VZ,CTL
2013-09-12,26.7615,37.6408,21.3034
2013-09-13,26.7187,37.9668,21.2771
2013-09-16,26.9133,38.396,21.231
2013-09-17,27.0535,38.6107,21.3363
2013-09-18,27.2092,38.7299,21.4153
2013-09-19,27.1002,38.563,21.5205
2013-09-20,26.7148,37.9827,21.2376
2013-09-23,26.6408,38.1424,21.2113
2013-09-24,26.5396,37.5772,21.1653
2013-09-25,26.5085,37.3189,21.0534
2013-09-26,26.6486,37.8952,21.1258
2013-09-27,26.454,37.3626,20.9087
2013-09-30,26.3294,37.1042,20.6455
2013-10-01,26.5163,37.3547,20.8955
2013-10-02,26.4229,37.1957,20.7968
2013-10-03,26.1893,37.3706,20.5205
2013-10-04,26.2749,37.4421,20.5271
2013-10-07,26.4696,37.5931,20.6652
2013-10-08,26.1224,37.0223,20.5797
2013-10-09,26.6273,37.1429,21.1784
2013-10-10,26.9429,37.6735,21.935
2013-10-11,26.9824,37.8584,21.8561
2013-10-14,26.7615,37.6333,21.5008
2013-10-15,26.5958,37.2394,21.4021
2013-10-16,26.9824,37.9871,21.6587
2013-10-17,27.1717,39.3136,21.8758
2013-10-18,27.3059,40.206,21.7179
2013-10-21,27.7871,40.6642,21.7048
2013-10-22,27.795,41.1145,21.9877
2013-10-23,27.8337,40.8572,21.9679
2013-10-24,27.3216,40.5356,21.8561
2013-10-25,27.7634,40.7688,21.889
2013-10-28,28.0633,40.6562,22.0534
2013-10-29,28.6155,41.0743,22.2442
2013-10-30,28.6076,40.624,22.06
2013-10-31,28.5603,40.608,22.2771
2013-11-01,28.5919,40.5919,22.0929
2013-11-04,28.7575,41.0662,22.2113
2013-11-05,28.0317,40.2783,21.9613
2013-11-06,28.2605,40.6884,22.2969
2013-11-07,27.7003,40.3346,20.9284
2013-11-08,27.7477,40.3587,20.6126
2013-11-11,27.6372,40.1658,20.731
2013-11-12,27.7477,40.3266,20.6784
2013-11-13,27.6688,40.1899,20.7113
2013-11-14,27.7398,40.415,20.9481
2013-11-15,27.9528,40.4472,21.1192
2013-11-18,28.0869,40.809,21.1784
2013-11-19,28.1816,40.825,21.06
2013-11-20,27.9291,40.5195,20.9218
2013-11-21,27.8502,40.5035,20.8014
2013-11-22,27.9449,40.3748,20.5269
2013-11-25,27.9055,40.206,20.547
2013-11-26,27.8345,40.2381,20.5336
2013-11-27,27.937,40.1417,20.5604
2013-11-29,27.7792,39.8924,20.547
2013-12-02,27.4558,39.603,20.2793
2013-12-03,27.4084,39.8764,20.3262
2013-12-04,27.298,39.6915,20.6407
2013-12-05,27.0218,39.3216,20.5136
2013-12-06,27.2427,39.7799,20.7947
2013-12-09,27.369,39.8522,21.0958
2013-12-10,27.1402,39.4342,21.0891
2013-12-11,26.7851,38.984,20.5537
2013-12-12,26.7378,38.6945,20.5872
2013-12-13,26.7062,38.4614,20.5671
2013-12-16,26.9429,38.7991,20.7143
2013-12-17,26.7062,38.2363,21.0423
2013-12-18,27.1244,38.9679,21.31
2013-12-19,27.1796,38.9357,20.9888
2013-12-20,27.0613,38.6543,20.7746
2013-12-23,27.369,39.0563,20.9888
2013-12-24,27.5741,39.3779,21.2096
2013-12-26,27.7398,39.5387,21.3167
2013-12-27,27.7556,39.5307,21.4238
2013-12-30,27.7713,39.5146,21.3903
2013-12-31,27.7398,39.5065,21.3167
2014-01-02,27.5741,39.394,21.1828
2014-01-03,27.4558,38.9277,21.1494
2014-01-06,27.582,39.1448,21.1962
2014-01-07,27.5741,39.6352,21.0222
2014-01-08,27.3742,39.4158,20.9084
2014-01-09,26.8146,38.6031,20.6073
2014-01-10,26.8786,38.8062,20.7612
2014-01-13,26.6227,38.2211,20.6608
2014-01-14,26.7666,38.2617,20.5403
2014-01-15,27.0145,39.2289,20.4332
2014-01-16,27.1504,39.4402,20.2994
2014-01-17,26.9425,39.2939,20.0785
2014-01-21,26.8386,38.7656,19.9781
2014-01-22,26.6547,38.4649,19.7439
2014-01-23,27.0225,38.8956,19.7104
2014-01-24,26.7187,38.7087,19.5096
2014-01-27,26.7906,38.7575,19.4628
2014-01-28,26.9425,38.4893,19.3758
2014-01-29,26.6307,38.7575,19.1348
2014-01-30,26.6627,38.7087,19.5163
2014-01-31,26.6387,39.0257,19.3155
2014-02-03,25.5434,37.7172,18.827
2014-02-04,25.9432,38.0504,18.8002
2014-02-05,25.6474,37.9448,18.9207
2014-02-06,25.5834,37.9367,18.9407
2014-02-07,25.8232,38.0423,19.2687
2014-02-10,25.9352,38.1236,19.3624
2014-02-11,26.3429,38.3674,19.8978
2014-02-12,26.3349,38.4974,20.2057
2014-02-13,26.7746,38.4487,20.5939
2014-02-14,26.5028,37.7985,20.5136
2014-02-18,26.239,37.3678,20.7143
2014-02-19,26.263,37.8148,20.6809
2014-02-20,26.5268,39.1069,20.8281
2014-02-21,26.223,38.4162,20.808
2014-02-24,25.9592,37.571,20.875
2014-02-25,25.7193,37.6197,20.8415
2014-02-26,25.5834,37.6685,20.614
2014-02-27,25.7673,38.6031,20.8014
2014-02-28,25.5274,38.6681,20.9218
2014-03-03,25.4715,38.4487,20.8214
2014-03-04,25.7033,38.9282,21.1025
2014-03-05,25.6873,38.5056,21.3234
2014-03-06,25.8552,38.5706,21.2349
2014-03-07,26.0151,38.3186,21.3234
2014-03-10,25.9911,38.2211,20.9898
2014-03-11,25.7673,37.9529,20.8945
2014-03-12,25.8872,37.6766,20.8877
2014-03-13,25.8632,37.4084,20.7583
2014-03-14,25.9751,37.449,20.8468
2014-03-17,26.2949,37.636,20.9966
2014-03-18,26.3669,37.9529,21.3779
2014-03-19,26.3509,37.6766,21.2757
2014-03-20,27.2543,38.3674,21.3574
2014-03-21,27.4222,38.1236,21.337
2014-03-24,27.5501,38.2049,21.4732
2014-03-25,27.758,38.3755,21.7251
2014-03-26,27.67,38.2049,21.9838
2014-03-27,27.9499,38.7575,22.188
2014-03-28,28.0378,38.5381,22.2493
2014-03-31,28.0378,38.66,22.3582
2014-04-01,28.0538,38.8062,22.5216
2014-04-02,28.2776,38.8631,22.5897
2014-04-03,28.4855,39.1069,22.8008
2014-04-04,28.4216,39.0419,22.9369
2014-04-07,28.3736,39.1069,22.8348
2014-04-08,28.568,39.6164,23.1071
2014-04-09,28.2845,39.4274,23.0118
2014-04-10,28.4465,39.0083,22.7599
2014-04-11,28.5113,38.6796,22.7055
2014-04-14,28.6409,38.844,23.0663
2014-04-15,28.9001,38.5564,23.182
2014-04-16,29.2403,38.7043,23.6518
2014-04-17,29.1917,39.1152,23.4408
2014-04-21,29.2079,39.4274,23.4816
2014-04-22,29.3941,39.3781,23.4544
2014-04-23,28.2845,38.9755,23.5633
2014-04-24,27.9443,38.0305,23.5769
2014-04-25,27.9362,37.7511,23.6654
2014-04-28,28.4141,38.2934,23.5837
2014-04-29,28.6895,38.4331,23.6927
2014-04-30,28.9163,38.4002,23.7675
2014-05-01,28.8191,38.8029,23.8016
2014-05-02,28.8596,38.7207,23.7131
2014-05-05,28.9649,38.9426,23.7199
2014-05-06,28.7462,39.0083,23.4612
2014-05-07,28.9649,39.526,23.5905
2014-05-08,29.4832,39.8465,25.0952
2014-05-09,29.5157,39.8383,24.8909
2014-05-12,29.6209,39.5753,25.0135
2014-05-13,29.3213,39.3206,25.17
2014-05-14,29.4751,39.4521,25.6398
2014-05-15,29.5804,39.411,25.7556
2014-05-16,29.7586,40.3231,25.9938
2014-05-19,29.467,40.3889,28.202
2014-05-20,28.7543,39.978,25.5853
2014-05-21,28.568,40.4053,25.3062
2014-05-22,28.6571,40.6354,25.2926
2014-05-23,28.6085,40.8737,25.3811
2014-05-27,28.5194,40.7751,25.4083
2014-05-28,28.6247,40.8737,25.7351
2014-05-29,28.6652,40.8573,25.6534
2014-05-30,28.73,41.0545,25.6466
2014-06-02,28.7057,41.1284,25.6126
2014-06-03,28.5113,40.5039,25.8917
2014-06-04,28.3898,40.3889,25.8917
2014-06-05,28.4303,40.4957,25.6776
2014-06-06,28.3655,40.6107,25.4911
2014-06-09,28.3574,40.734,25.4635
2014-06-10,28.3007,40.6929,25.505
2014-06-11,28.1954,40.5697,25.1596
2014-06-12,28.2116,40.2985,25.132
2014-06-13,28.3736,40.4135,25.5188
2014-06-16,28.3331,40.5203,25.5947
2014-06-17,28.3655,40.4382,25.2909
2014-06-18,28.5113,40.6107,25.505
2014-06-19,28.6409,40.6518,25.7536
2014-06-20,28.6652,40.5861,25.3461
2014-06-23,28.6652,40.8655,25.3668
2014-06-24,28.5842,40.4957,25.1113
2014-06-25,28.5599,40.6025,24.9663
2014-06-26,28.5599,40.4382,24.9732
2014-06-27,28.6814,40.5286,24.7107
2014-06-30,28.6409,40.2081,25.0008
2014-07-01,28.7381,40.5697,25.0837
2014-07-02,28.892,40.808,24.8212
2014-07-03,29.0297,40.849,24.9179
2014-07-07,29.1755,40.8819,24.9455
2014-07-08,29.1755,40.4998,25.208
2014-07-09,29.2493,40.6161,25.2701
2014-07-10,29.2903,41.2308,25.4014
2014-07-11,29.3396,41.7956,25.3945
2014-07-14,29.4216,41.97,25.4773
2014-07-15,29.7334,42.1195,25.5464
2014-07-16,29.9057,42.3271,25.6362
2014-07-17,29.5611,41.7956,25.5188
2014-07-18,29.6759,42.1527,25.5188
2014-07-21,29.5036,42.1112,25.5671
2014-07-22,29.4872,42.3438,25.7674
2014-07-23,29.438,42.2856,25.947
2014-07-24,29.1262,42.4019,26.0229
2014-07-25,29.1591,42.5929,25.9539
2014-07-28,29.8318,42.8421,26.0436
2014-07-29,30.0205,43.166,27.5561
2014-07-30,29.8318,42.9916,27.4663
2014-07-31,29.2001,41.8786,27.1003
2014-08-01,28.9868,41.3886,27.2522
2014-08-04,29.0934,41.7042,27.2522
2014-08-05,28.8063,41.2474,27.1348
2014-08-06,28.4042,40.8072,26.7757
2014-08-07,28.0678,40.4085,26.9
2014-08-08,28.2812,40.45,27.5285
2014-08-11,28.2812,40.4251,27.8117
2014-08-12,28.4206,40.5663,28.157
2014-08-13,28.4617,40.6327,27.9498
2014-08-14,28.6422,40.6992,27.9774
2014-08-15,28.5027,40.5331,27.9014
2014-08-18,28.4288,40.5164,27.9153
2014-08-19,28.2894,40.45,28.081
2014-08-20,28.3304,40.5497,28.1708
2014-08-21,28.4206,40.5912,28.2537
2014-08-22,28.3058,40.4002,28.1777
2014-08-25,28.314,40.8238,28.5023
2014-08-26,28.3058,40.9068,28.4125
2014-08-27,28.5109,41.0563,28.5245
2014-08-28,28.5027,41.0397,28.5945
2014-08-29,28.6832,41.3803,28.6854
2014-09-02,28.5847,41.3387,28.5945
2014-09-03,28.6914,41.4301,28.7064
2014-09-04,28.6668,41.2972,28.7344
2014-09-05,28.8391,41.4799,29.0213
2014-09-08,28.7242,41.1394,28.3985
2014-09-09,28.4371,40.6161,27.9856
2014-09-10,28.4699,40.4915,27.7757
2014-09-11,28.5929,40.7075,28.2585
2014-09-12,28.3058,40.2008,27.6707
2014-09-15,28.4617,40.3337,27.7407
2014-09-16,28.675,40.666,27.7127
2014-09-17,28.7324,40.8736,28.2376
2014-09-18,28.8473,41.2723,28.3565
2014-09-19,29.1016,41.8205,28.5175
2014-09-22,29.1262,41.6793,28.5455
2014-09-23,28.9293,41.455,28.3145
2014-09-24,29.0442,41.5879,28.3005
2014-09-25,28.7816,41.2058,27.9296
2014-09-26,28.9457,41.3387,28.2096
2014-09-29,28.9047,41.3221,28.2725
2014-09-30,28.9129,41.5215,28.6155
2014-10-01,28.6832,41.0563,28.2865
2014-10-02,28.6914,40.94,28.5245
2014-10-03,29.0114,41.2889,28.6924
2014-10-06,29.118,41.5962,28.4685
2014-10-07,28.9868,41.264,28.0486
2014-10-08,29.2195,41.8855,28.5665
2014-10-09,28.8122,41.096,27.8037
2014-10-10,28.4714,41.1044,27.3838
2014-10-13,28.1139,40.6257,26.8799
2014-10-14,28.1305,40.4997,27.1738
2014-10-15,28.1555,40.2477,27.0199
2014-10-16,27.9643,40.0377,26.8029
2014-10-17,28.33,40.3737,27.1948
2014-10-20,28.4963,40.7181,27.4888
2014-10-21,28.7789,40.8944,27.7827
2014-10-22,28.6792,40.5753,28.0556
2014-10-23,27.9809,40.4997,27.9506
2014-10-24,28.1555,40.9616,27.9436
2014-10-27,28.355,41.5076,28.2725
2014-10-28,28.5379,41.9611,28.7134
2014-10-29,28.5961,41.8519,28.6854
2014-10-30,28.6875,41.9107,29.0353
2014-10-31,28.9618,42.2047,29.0283
2014-11-03,28.9618,42.3223,29.2593
2014-11-04,28.9203,42.2719,29.1333
2014-11-05,29.0283,42.2803,29.1473
2014-11-06,28.8621,42.2299,27.2928
2014-11-07,29.02,42.717,27.5937
2014-11-10,29.1946,42.5994,27.8806
2014-11-11,29.178,42.507,27.9716
2014-11-12,29.4273,42.6834,28.3425
2014-11-13,29.6019,43.0026,28.6364
2014-11-14,29.843,43.2545,28.5455
2014-11-17,29.8014,43.1705,28.6574
2014-11-18,29.6933,43.0194,28.7554
2014-11-19,29.4024,42.4062,28.7764
2014-11-20,29.3276,42.1543,28.7197
2014-11-21,29.3276,42.1711,28.6984
2014-11-24,28.8454,41.5747,28.5637
2014-11-25,28.9452,41.4404,28.1453
2014-11-26,29.2029,42.0283,28.7693
2014-11-28,29.4107,42.4902,28.9111
2014-12-01,29.1447,42.0199,29.1452
2014-12-02,28.5046,41.2472,28.8757
2014-12-03,28.2635,40.9784,28.4077
2014-12-04,28.1887,40.97,28.4006
2014-12-05,28.2137,40.8272,28.1382
2014-12-08,28.1638,41.0708,28.202
2014-12-09,27.3408,39.4078,27.7269
2014-12-10,27.0083,38.7863,27.2305
2014-12-11,27.1912,38.9375,27.5142
2014-12-12,26.734,38.2824,26.649
2014-12-15,26.8088,38.148,26.7908
2014-12-16,26.7174,38.2404,26.8689
2014-12-17,27.1579,39.0047,27.4362
2014-12-18,27.8562,39.517,27.9964
2014-12-19,27.8812,39.4918,28.1524
2014-12-22,28.1389,39.9034,28.4998
2014-12-23,28.2885,40.0377,28.5282
2014-12-24,28.2303,40.0377,28.4928
2014-12-26,28.4049,40.1973,28.7055
2014-12-29,28.355,39.937,28.7409
2014-12-30,28.33,39.7522,28.4289
2014-12-31,27.9227,39.2902,28.0673
2015-01-02,28.1555,39.4414,28.0744
2015-01-05,27.8895,39.1139,27.4787
2015-01-06,27.931,39.5086,27.1383
2015-01-07,27.9647,39.2536,27.2801
2015-01-08,28.243,40.095,27.5567
2015-01-09,28.1587,39.7381,27.2305
2015-01-12,28.2345,40.01,27.4078
2015-01-13,28.2345,40.095,27.3723
2015-01-14,28.0996,39.9165,27.1667
2015-01-15,28.0406,40.027,27.1596
2015-01-16,28.4959,40.7833,27.2305
2015-01-20,28.6224,40.9448,27.4716
2015-01-21,28.6645,41.0043,27.3936
2015-01-22,28.4875,40.6219,27.9184
2015-01-23,28.1334,40.0695,27.8262
2015-01-26,27.9732,39.908,27.656
2015-01-27,27.6612,39.3896,27.5071
2015-01-28,27.5516,39.1347,27.195
2015-01-29,27.7877,39.1857,26.5923
2015-01-30,27.754,38.8457,26.3583
2015-02-02,28.2936,39.925,27.1029
2015-02-03,28.9511,40.6474,28.0744
2015-02-04,29.0102,40.6219,27.9467
2015-02-05,29.1198,40.6729,27.2518
2015-02-06,29.398,41.9221,27.344
2015-02-09,29.2041,41.7182,28.1311
2015-02-10,29.3811,42.0751,28.4928
2015-02-11,28.9933,42.33,28.7339
2015-02-12,29.1788,42.0836,27.8616
2015-02-13,29.2209,41.9051,27.9822
2015-02-17,29.2631,41.7946,27.8191
2015-02-18,29.0776,41.5907,26.5994
2015-02-19,28.7404,41.5652,26.6561
2015-02-20,28.7319,41.6162,26.2519
2015-02-23,28.538,41.4462,25.9753
2015-02-24,28.7067,41.8286,26.2803
2015-02-25,28.8415,41.8116,26.4505
2015-02-26,29.086,41.9561,26.5214
2015-02-27,29.1366,42.0241,26.8476
2015-03-02,29.2041,42.0411,26.6845
2015-03-03,29.0102,42.1091,26.7199
2015-03-04,28.6645,41.7012,26.0796
2015-03-05,28.6645,41.5737,25.9933
2015-03-06,28.2261,41.0383,25.4825
2015-03-09,28.1165,40.9873,25.3458
2015-03-10,27.636,40.3754,25.2739
2015-03-11,27.5011,40.5199,25.389
2015-03-12,27.931,41.4122,25.3314
2015-03-13,27.6191,41.5057,24.7631
2015-03-16,27.872,41.8711,24.8206
2015-03-17,27.7371,41.5992,25.2739
2015-03-18,28.3188,42.1006,25.2667
2015-03-19,27.99,41.8966,25.0796
2015-03-20,28.0153,42.1176,25.3962
2015-03-23,28.0575,42.1856,25.4106
2015-03-24,27.8804,41.9901,25.317
2015-03-25,27.5011,41.4122,24.9213
2015-03-26,27.6697,41.1488,24.8638
2015-03-27,27.6107,41.2677,24.5328
2015-03-30,27.7961,41.7437,24.5041
2015-03-31,27.5264,41.3272,24.8566
2015-04-01,27.7287,41.5737,25.5401
2015-04-02,27.931,42.0411,25.4897
2015-04-06,28.0996,42.1771,25.4537
2015-04-07,27.9563,41.8711,25.4753
2015-04-08,27.9221,42.2235,25.5401
2015-04-09,27.9563,42.1204,25.8062
2015-04-10,28.0247,42.3008,25.7703
2015-04-13,28.1188,42.1461,25.5976
2015-04-14,27.9563,42.2665,25.6696
2015-04-15,28.1274,42.4469,26.0365
2015-04-16,28.0076,42.3438,25.3818
2015-04-17,27.8024,42.0258,24.9501
2015-04-20,28.0761,42.4383,25.3386
2015-04-21,27.9307,42.2579,26.1156
2015-04-22,28.1017,42.6016,26.094
2015-04-23,29.2733,43.0142,26.3746
2015-04-24,29.0852,42.997,26.1947
2015-04-27,29.1536,43.0399,26.1084
2015-04-28,29.8121,43.4439,26.4609
2015-04-29,29.7266,43.3751,26.1228
2015-04-30,29.624,43.3493,25.871
2015-05-01,29.4358,43.3236,26.0005
2015-05-04,29.5299,43.4181,25.9142
2015-05-05,28.8372,43.0485,25.5472
2015-05-06,28.5464,42.6618,24.8422
2015-05-07,28.5379,42.7391,24.9285
2015-05-08,28.8115,43.0915,25.1444
2015-05-11,28.6405,42.7993,24.7487
2015-05-12,28.7859,42.6446,25.1803
2015-05-13,28.9911,42.7391,24.7127
2015-05-14,29.1878,42.9454,24.7055
2015-05-15,29.3588,42.7907,24.8206
2015-05-18,29.8207,42.6274,24.7487
2015-05-19,29.3931,42.5844,24.4321
2015-05-20,29.6069,42.7048,24.7199
2015-05-21,29.9917,42.8852,24.6408
2015-05-22,29.6838,42.636,24.4249
2015-05-26,29.6496,42.4727,24.1731
2015-05-27,29.8891,42.6016,24.4177
2015-05-28,29.7608,42.5759,24.5041
2015-05-29,29.5384,42.4899,24.2994
2015-06-01,29.376,42.3008,24.0289
2015-06-02,29.3845,42.2321,24.0947
2015-06-03,29.9575,42.1805,24.1166
2015-06-04,30.1627,41.3383,23.9996
2015-06-05,29.5641,40.5906,23.5245
2015-06-08,29.5812,40.7711,23.5537
2015-06-09,29.5128,40.6851,23.4441
2015-06-10,29.6924,40.7968,23.583
2015-06-11,29.8292,41.0461,23.9265
2015-06-12,29.6325,40.6078,23.8023
2015-06-15,29.4273,40.3929,23.6634
2015-06-16,29.6496,40.7539,23.5537
2015-06-17,29.7608,40.625,23.5464
2015-06-18,29.9489,41.0547,23.6561
2015-06-19,29.9233,40.7883,23.7292
2015-06-22,29.966,40.8484,23.8681
2015-06-23,30.7101,41.0547,23.795
2015-06-24,30.5989,40.6422,23.3052
2015-06-25,30.941,40.7711,21.8724
2015-06-26,30.8896,40.9258,21.9235
2015-06-29,30.5903,40.1952,21.5873
2015-06-30,30.3765,40.0577,21.4776
2015-07-01,30.4193,40.3929,21.6165
2015-07-02,30.5561,40.5648,21.6457
2015-07-06,30.4535,40.4273,21.5288
2015-07-07,30.5903,40.6078,21.8431
2015-07-08,30.1484,40.5034,21.558
2015-07-09,29.8018,40.2252,21.558
2015-07-10,30.0271,40.8686,21.7554
2015-07-13,30.2264,41.0425,21.9308
2015-07-14,30.4344,41.2251,21.9162
2015-07-15,30.0964,41.1556,21.6896
2015-07-16,30.469,41.5904,22.289
2015-07-17,30.339,41.3817,22.618
2015-07-20,30.2437,41.8251,22.2963
2015-07-21,29.9577,40.8425,21.7261
2015-07-22,29.6978,40.3904,21.3387
2015-07-23,29.4031,40.3034,21.1706
2015-07-24,29.7151,40.0339,20.4907
2015-07-27,29.7411,39.8513,20.5565
2015-07-28,29.7498,39.9034,20.6296
2015-07-29,30.0617,40.486,20.5857
2015-07-30,30.1571,40.5817,20.5857
2015-07-31,30.1051,40.686,20.9074
2015-08-03,30.0357,40.8425,21.1267
2015-08-04,29.9664,40.5817,20.7831
2015-08-05,29.9577,40.5556,20.8782
2015-08-06,29.6718,40.5469,20.4176
2015-08-07,29.6458,40.3121,20.2129
2015-08-10,30.1397,41.0686,21.0244
2015-08-11,30.0271,41.3904,20.6442
2015-08-12,29.4811,41.6077,20.8562
2015-08-13,29.2991,41.4425,20.4468
2015-08-14,29.5071,41.2947,20.6662
2015-08-17,29.6631,41.3208,20.7758
2015-08-18,29.7671,41.2686,20.5565
2015-08-19,29.7758,41.2512,20.7393
2015-08-20,29.4205,40.7643,20.2568
2015-08-21,28.9265,40.086,19.8182
2015-08-24,28.0513,38.9035,18.9044
2015-08-25,27.5573,37.8252,18.4
2015-08-26,28.3286,39.2687,19.2772
2015-08-27,28.9785,40.1643,19.5477
2015-08-28,28.8485,40.06,19.767
2015-08-31,28.7705,40.0078,19.767
2015-09-01,28.0079,39.0426,18.9336
2015-09-02,28.4412,39.4339,19.7377
2015-09-03,28.6319,39.7556,19.969
2015-09-04,28.2159,38.973,19.5289
2015-09-08,28.7185,39.8947,20.1107
2015-09-09,28.4066,39.4687,20.1182
2015-09-10,28.3806,39.5295,19.9765
2015-09-11,28.3546,39.7643,19.6035
2015-09-14,28.2072,39.6947,19.4468
2015-09-15,28.4759,40.3208,19.7452
2015-09-16,28.5452,40.1643,19.4916
2015-09-17,28.4066,39.3295,19.4245
2015-09-18,28.2072,38.7556,19.1186
2015-09-21,28.2159,38.9556,19.3051
2015-09-22,27.9646,38.6339,18.9321
2015-09-23,27.9039,38.2426,18.7606
2015-09-24,27.8259,38.3383,18.6636
2015-09-25,28.0166,38.4513,18.9172
2015-09-28,27.644,38.0339,18.3577
2015-09-29,27.7913,37.8513,18.4174
2015-09-30,28.2332,37.8339,18.7382
2015-10-01,28.1899,37.3557,18.3503
2015-10-02,28.2852,37.2513,18.3876
2015-10-05,28.9698,38.26,19.1261
2015-10-06,28.8658,38.3122,19.1112
2015-10-07,29.112,38.6248,19.4394
2015-10-08,29.3581,38.9596,19.775
2015-10-09,29.1295,38.8979,19.1857
2015-10-12,29.2702,39.0212,19.2902
2015-10-13,29.1999,39.0741,19.2305
2015-10-14,29.2438,38.7482,19.5289
2015-10-15,29.4372,39.3471,20.1256
2015-10-16,29.736,39.3736,19.9988
2015-10-19,29.5602,39.3736,20.0809
2015-10-20,29.6657,39.8492,20.327
2015-10-21,29.5339,39.5145,20.2898
2015-10-22,29.8503,40.4218,20.8194
2015-10-23,29.6569,40.6596,20.9014
2015-10-26,29.5866,40.8358,21.1252
2015-10-27,29.1911,40.6684,20.618
2015-10-28,29.3757,40.9415,20.976
2015-10-29,29.4899,40.871,20.9462
2015-10-30,29.4548,41.2938,21.0432
2015-11-02,29.5427,41.2057,21.1923
2015-11-03,29.5602,40.915,21.252
2015-11-04,29.4284,40.642,20.9014
2015-11-05,29.3053,40.6948,21.4161
2015-11-06,29.1471,40.3249,21.3117
2015-11-09,28.8658,39.9021,21.4907
2015-11-10,28.8219,39.7259,21.3341
2015-11-11,28.9362,39.9197,21.2073
2015-11-12,28.734,39.4881,20.8865
2015-11-13,28.4,38.9596,20.6627
2015-11-16,29.0416,39.673,21.2446
2015-11-17,29.235,39.7083,20.9835
2015-11-18,29.4811,39.9725,21.252
2015-11-19,29.5515,40.3073,21.2371
2015-11-20,29.5866,39.9813,20.7048
2015-11-23,29.4108,39.629,20.7657
2015-11-24,29.3493,39.8052,20.7048
2015-11-25,29.402,39.5673,20.5147
2015-11-27,29.5075,39.8404,20.5756
2015-11-30,29.5954,40.0342,20.4767
2015-12-01,29.6833,40.1487,20.5528
2015-12-02,29.4987,39.5673,20.127
2015-12-03,29.0944,39.2502,20.1194
2015-12-04,29.9822,40.2632,20.3094
2015-12-07,30.1228,40.5715,20.6288
2015-12-08,29.7536,40.2544,20.1802
2015-12-09,29.5075,39.9549,20.0585
2015-12-10,29.5954,39.9197,19.762
2015-12-11,29.1559,39.4793,18.9408
2015-12-14,29.5339,40.0342,18.5378
2015-12-15,29.7185,40.1223,19.2677
2015-12-16,30.2371,40.9679,19.8608
2015-12-17,29.9118,40.6067,19.3134
2015-12-18,29.5339,40.1311,19.0929
2015-12-21,29.9646,40.4306,19.1309
2015-12-22,30.2459,40.8181,19.1461
2015-12-23,30.5711,41.3555,19.7848
2015-12-24,30.4656,41.1441,19.6707
2015-12-28,30.5535,41.1793,19.6479
2015-12-29,30.7029,41.5845,19.6783
2015-12-30,30.5359,41.1969,19.2982
2015-12-31,30.2459,40.7124,19.1309
2016-01-04,30.1931,40.4041,19.0929
2016-01-05,30.4041,40.9591,19.0016
2016-01-06,30.3595,40.589,18.7963
2016-01-07,29.8693,40.3661,18.4161
2016-01-08,29.896,39.9738,18.226
2016-01-11,30.2615,40.2056,18.3401
2016-01-12,30.2169,40.063,17.7926
2016-01-13,30.0743,39.3675,17.5037
2016-01-14,30.5734,40.0095,18.1652
2016-01-15,30.2971,39.6171,17.709
2016-01-19,30.7606,40.0095,17.6558
2016-01-20,30.2169,39.6082,16.9106
2016-01-21,30.7874,40.9011,17.1995
2016-01-22,31.3222,41.9444,18.0968
2016-01-25,31.1974,41.9355,18.0664
2016-01-26,31.5539,43.0233,18.6747
2016-01-27,31.6252,43.7188,18.7279
2016-01-28,31.6698,43.701,18.8723
2016-01-29,32.1422,44.557,19.3286
2016-02-01,32.2492,45.2614,19.6935
2016-02-02,32.1422,44.5035,19.1689
2016-02-03,32.7305,45.1366,19.8304
2016-02-04,32.5612,44.9672,20.1802
2016-02-05,32.8731,45.4487,20.2334
2016-02-08,33.0781,45.2436,19.4882
2016-02-09,32.6681,44.7175,18.8647
2016-02-10,32.472,44.5659,18.6975
2016-02-11,32.2759,44.0398,20.7505
2016-02-12,32.5077,44.6818,21.7541
2016-02-16,32.6681,44.7978,21.9899
2016-02-17,32.6592,44.8691,22.6058
2016-02-18,32.9712,45.4219,23.0544
2016-02-19,32.5968,45.3506,22.6058
2016-02-22,32.8553,45.5378,22.8035
2016-02-23,32.7483,45.1455,22.2408
2016-02-24,33.0692,45.3149,22.8187
2016-02-25,33.3099,45.5735,23.1228
2016-02-26,33.096,45.4933,22.9403
2016-02-29,32.9355,45.2347,23.2597
2016-03-01,33.3277,45.8856,23.6627
2016-03-02,33.5951,46.4741,24.1037
2016-03-03,33.8625,46.269,24.274
2016-03-04,33.809,46.1977,24.4442
2016-03-07,33.9873,46.5544,24.5835
2016-03-08,33.9517,46.7773,24.3823
2016-03-09,33.8536,46.6703,24.3978
2016-03-10,34.1478,46.6524,24.5371
2016-03-11,34.1923,46.8397,24.6609
2016-03-14,34.1567,46.8486,24.7228
2016-03-15,34.3349,46.9645,24.2353
2016-03-16,34.5578,47.446,24.893
2016-03-17,34.8698,47.8205,24.2198
2016-03-18,34.3706,47.4728,24.5293
2016-03-21,34.6915,47.6511,24.5293
2016-03-22,34.433,47.446,24.4674
2016-03-23,34.3528,47.1785,24.0031
2016-03-24,34.6558,47.7581,24.1115
2016-03-28,34.8252,47.6154,24.0496
2016-03-29,35.1639,48.195,24.4442
2016-03-30,35.0926,48.1861,24.6609
2016-03-31,34.9143,48.2218,24.7305
2016-04-01,34.8074,48.1594,24.9007
2016-04-04,35.0837,48.525,24.9394
2016-04-05,34.9322,48.2307,24.8388
2016-04-06,34.869,48.2262,25.1406
2016-04-07,34.8239,46.8566,24.6609
2016-04-08,34.7426,47.0188,24.6686
2016-04-11,34.6434,46.5051,24.8234
2016-04-12,34.8961,46.8115,24.7615
2016-04-13,34.517,46.2168,24.9085
2016-04-14,34.6705,46.2799,24.8311
2016-04-15,34.7246,46.2709,24.9626
2016-04-18,34.878,46.6133,24.9317
2016-04-19,35.1217,46.9287,25.3109
2016-04-20,34.9412,46.6313,25.3805
2016-04-21,34.1651,45.0814,24.2894
2016-04-22,34.3546,45.55,24.2894
2016-04-25,34.481,45.7392,24.1269
2016-04-26,34.3727,45.4509,24.3127
2016-04-27,34.9412,46.5772,24.4365
2016-04-28,34.869,45.9735,24.2662
2016-04-29,35.0314,45.9014,23.949
2016-05-02,35.2841,46.2438,24.3591
2016-05-03,35.1126,45.6671,23.6627
2016-05-04,35.0856,45.8113,23.9567
2016-05-05,34.9592,45.8113,21.821
2016-05-06,35.1848,46.0636,22.0841
2016-05-09,35.0675,46.0276,21.8288
2016-05-10,35.4736,46.4421,22.2311
2016-05-11,35.3563,46.0906,21.9062
2016-05-12,35.6902,46.379,22.0222
2016-05-13,35.3292,45.9014,21.5734
2016-05-16,35.4465,46.1627,21.527
2016-05-17,35.2931,45.8654,21.2407
2016-05-18,34.6975,45.4058,20.7996
2016-05-19,34.6885,44.721,20.8306
2016-05-20,34.6975,44.748,20.9389
2016-05-23,34.5802,44.2795,20.8228
2016-05-24,34.7426,44.6759,21.0472
2016-05-25,34.8509,44.9192,21.0318
2016-05-26,35.0495,45.1986,21.0239
2016-05-27,35.1848,45.6131,21.166
2016-05-31,35.3292,45.8654,21.4107
2016-06-01,34.9502,45.4419,21.237
2016-06-02,35.0495,45.7482,21.4107
2016-06-03,35.3834,45.8834,21.5923
2016-06-06,35.5007,45.6942,21.4344
2016-06-07,35.9068,46.6313,21.5449
2016-06-08,35.9699,46.424,21.3476
2016-06-09,36.1775,46.8115,21.316
2016-06-10,36.3941,47.4603,21.2844
2016-06-13,36.2677,47.3702,21.2291
2016-06-14,36.4392,47.7486,21.0633
2016-06-15,36.358,47.6135,21.4976
2016-06-16,36.5384,48.1722,21.5055
2016-06-17,36.755,48.4605,21.6791
2016-06-20,36.8001,48.4425,21.766
2016-06-21,37.0618,48.7489,22.1686
2016-06-22,37.2694,48.6858,22.0423
2016-06-23,37.7928,49.2625,22.516
2016-06-24,37.4679,49.0462,22.0502
2016-06-27,37.9281,49.3255,21.1739
2016-06-28,37.9191,49.3976,21.9791
2016-06-29,38.3884,49.6139,22.4607
2016-06-30,38.993,50.3167,22.9028
2016-07-01,39.2276,50.6682,23.1871
2016-07-05,39.1193,50.9385,22.8397
2016-07-06,39.3292,51.207,23.2897
2016-07-07,38.5992,50.4061,23.1949
2016-07-08,38.8821,50.8793,23.8581
2016-07-11,38.7908,50.9067,23.945
2016-07-12,38.6996,50.488,24.2686
2016-07-13,38.8638,50.9704,24.3792
2016-07-14,39.0281,50.8247,24.7108
2016-07-15,39.1376,50.8247,24.7265
2016-07-18,39.1011,50.9067,24.4108
2016-07-19,39.0281,50.6973,24.0713
2016-07-20,38.9733,50.6245,24.1186
2016-07-21,38.8,50.3969,24.1897
2016-07-22,39.3383,51.0614,24.395
2016-07-25,39.1832,50.852,24.3792
2016-07-26,38.6722,49.8872,24.1818
2016-07-27,39.019,50.3514,24.245
2016-07-28,38.8547,49.9328,24.3397
2016-07-29,39.5026,50.4334,24.8213
2016-08-01,39.4022,49.6051,24.4897
2016-08-02,39.384,49.15,24.1502
2016-08-03,39.3657,49.059,24.0871
2016-08-04,39.311,49.0863,23.8818
2016-08-05,39.384,48.8223,23.5897
2016-08-08,39.1741,48.7768,23.9055
2016-08-09,39.311,48.8405,23.8028
2016-08-10,39.4205,48.9771,23.9529
2016-08-11,39.5938,49.0226,24.016
2016-08-12,39.4935,48.8314,23.6528
2016-08-15,39.2562,48.795,23.7002
2016-08-16,38.2889,48.0214,23.2265
2016-08-17,38.1977,48.3945,23.0923
2016-08-18,37.7779,48.1215,22.9976
2016-08-19,37.4221,47.7392,22.7686
2016-08-22,37.3308,47.8302,22.8397
2016-08-23,37.2761,47.903,22.9739
2016-08-24,37.2943,47.812,22.9344
2016-08-25,37.4768,48.0123,23.0134
2016-08-26,37.1209,47.3933,22.7055
2016-08-29,37.4129,47.7847,22.6976
2016-08-30,37.3126,47.5754,22.5555
2016-08-31,37.3034,47.63,22.3704
2016-09-01,37.3764,47.8393,22.3221
2016-09-02,37.3673,48.1306,22.483
2016-09-06,37.6228,48.704,22.6681
2016-09-07,37.6593,48.886,22.8532
2016-09-08,37.5863,48.7859,22.813
2016-09-09,36.2358,47.1658,22.4187
2016-09-12,37.1483,47.8484,22.5635
2016-09-13,36.4731,46.829,22.0807
2016-09-14,36.4001,46.8654,22.0727
2016-09-15,36.9111,47.3114,21.7105
2016-09-16,36.6829,47.2204,21.6381
2016-09-19,36.5552,46.6015,21.7588
2016-09-20,36.4639,46.6652,21.5255
2016-09-21,37.0206,47.2113,21.6623
2016-09-22,37.5133,47.6482,22.2175
2016-09-23,37.6684,47.8393,22.0646
2016-09-26,37.5407,47.4662,21.9761
2016-09-27,37.8327,47.7756,22.0083
2016-09-28,37.2761,47.3842,22.1692
2016-09-29,37.1666,47.4388,22.1451
2016-09-30,37.0571,47.3114,22.0727
2016-10-03,37.2031,47.2204,22.1451
2016-10-04,36.4092,46.6561,21.791
2016-10-05,35.7339,46.2764,21.7508
2016-10-06,35.6883,46.2672,21.7025
2016-10-07,35.4693,45.9542,22.3382
2016-10-10,35.597,46.2027,22.4026
2016-10-11,35.6792,45.9357,22.2416
2016-10-12,35.889,46.304,22.1853
2016-10-13,35.9255,46.2948,22.0405
2016-10-14,35.7887,46.2856,22.0002
2016-10-17,35.8343,46.4236,22.0244
2016-10-18,35.9164,46.2764,22.4509
2016-10-19,35.9347,46.3776,22.6762
2016-10-20,35.2685,45.2361,22.5072
2016-10-21,34.21,44.3708,22.7003
2016-10-24,33.6351,44.38,22.7888
2016-10-25,33.4891,44.0394,22.8934
2016-10-26,33.2428,43.8461,22.7325
2016-10-27,33.3249,44.6838,24.9454
2016-10-28,33.3158,44.38,24.4545
2016-10-31,33.5713,44.2787,21.3887
2016-11-01,33.3614,43.8737,20.0931
2016-11-02,33.188,43.2109,19.4574
2016-11-03,33.4253,43.1465,18.5079
2016-11-04,33.3066,43.3398,18.5481
2016-11-07,33.5895,43.6896,18.7654
2016-11-08,33.7538,43.8645,19.4413
2016-11-09,34.1644,44.0578,19.5459
2016-11-10,33.3705,42.9808,19.1597
2016-11-11,33.3158,42.9808,19.1516
2016-11-14,32.969,42.5113,19.562
2016-11-15,33.553,43.6067,19.8919
2016-11-16,33.8998,44.1223,19.731
2016-11-17,34.137,44.0394,19.5218
2016-11-18,34.2739,44.2511,19.9483
2016-11-21,34.4382,44.4721,20.5518
2016-11-22,35.1773,45.5583,20.3104
2016-11-23,35.3415,46.2395,20.0637
2016-11-25,35.7795,46.6446,20.2775
2016-11-28,36.0807,47.0588,20.2611
2016-11-29,36.0259,46.9115,19.9075
2016-11-30,35.2503,45.9357,19.3401
2016-12-01,35.4784,45.9081,19.521
2016-12-02,35.232,45.8529,19.669
2016-12-05,35.2503,45.7977,19.891
2016-12-06,35.9073,46.3592,19.743
2016-12-07,36.9111,47.2982,19.965
2016-12-08,36.8746,47.068,19.8417
2016-12-09,36.8472,47.3994,19.8335
2016-12-12,37.5224,47.648,19.6772
2016-12-13,37.7414,48.2003,20.0884
2016-12-14,37.5042,47.5283,19.6279
2016-12-15,37.8692,47.694,19.7101
2016-12-16,38.0243,48.1175,19.8746
2016-12-19,38.435,48.7066,19.891
2016-12-20,38.7543,48.8999,19.8417
2016-12-21,38.654,48.7619,19.5457
2016-12-22,38.9825,49.3878,19.6279
2016-12-23,38.9916,49.4155,19.7841
2016-12-27,38.9186,49.3786,19.8499
2016-12-28,38.8,49.1945,19.7595
2016-12-29,38.9277,49.4707,19.7595
2016-12-30,38.8091,49.1393,19.5539
2017-01-03,39.2562,50.244,20.8449
2017-01-04,39.0281,50.1887,20.9518
2017-01-05,38.9186,50.2992,20.9682
2017-01-06,38.1432,49.5525,20.8695
2017-01-09,37.6632,49.0129,20.7462
2017-01-10,37.6724,49.0873,20.7215
2017-01-11,37.4878,48.8082,20.7544
2017-01-12,37.857,49.0129,20.7051
2017-01-13,37.8108,48.892,20.7709
2017-01-17,37.9493,49.0687,20.9435
2017-01-18,37.6632,48.6128,20.9435
2017-01-19,37.8478,48.7152,20.9682
2017-01-20,38.2632,49.0501,21.0176
2017-01-23,38.7709,48.7617,21.2231
2017-01-24,38.1801,46.6311,21.0258
2017-01-25,38.2078,46.3055,21.1245
2017-01-26,38.5586,45.7007,21.4287
2017-01-27,38.7801,46.1473,21.3465
2017-01-30,38.6047,45.9333,21.2231
2017-01-31,38.9186,45.5984,21.2642
2017-02-01,38.8263,45.0215,20.9764
2017-02-02,38.0139,44.9192,20.7709
2017-02-03,38.0786,45.1983,20.9024
2017-02-06,37.9032,44.6866,20.5982
2017-02-07,37.9585,44.6959,20.4584
2017-02-08,38.0416,45.0029,20.0884
2017-02-09,38.1339,45.4123,20.0802
2017-02-10,38.1986,45.5705,20.1377
2017-02-13,37.5247,45.1704,20.2446
2017-02-14,37.617,44.9099,20.1788
2017-02-15,37.9585,44.7331,20.0637
2017-02-16,38.0786,45.0867,19.965
2017-02-17,38.2909,45.7659,19.965
2017-02-21,38.5216,45.9891,20.2857
2017-02-22,38.3924,46.2124,20.4173
2017-02-23,38.7247,46.8079,20.3186
2017-02-24,39.1032,47.0777,20.2117
2017-02-27,38.6047,46.4636,20.2364
2017-02-28,38.577,46.1752,19.9486
2017-03-01,38.8078,46.3427,20.2177
2017-03-02,38.8355,46.5009,19.7888
2017-03-03,38.7801,46.6032,19.7467
2017-03-06,38.734,46.5474,19.4272
2017-03-07,38.6601,45.9985,18.9226
2017-03-08,38.5586,45.7379,18.8805
2017-03-09,38.7155,45.8496,19.116
2017-03-10,39.094,45.9147,19.4608
2017-03-13,39.1124,46.0264,19.7299
2017-03-14,38.854,45.924,19.629
2017-03-15,39.3155,46.6497,19.9906
2017-03-16,39.1771,46.5567,19.6542
2017-03-17,39.334,46.8823,19.8897
2017-03-20,39.1586,46.7428,19.8813
2017-03-21,38.8447,46.6683,19.6458
2017-03-22,38.4478,46.2497,19.1833
2017-03-23,38.4478,46.1845,19.0403
2017-03-24,38.4755,46.2217,19.1412
2017-03-27,38.3001,45.7193,19.0151
2017-03-28,38.3647,45.8682,18.9394
2017-03-29,38.2632,45.71,19.4188
2017-03-30,38.5493,45.6449,19.6879
2017-03-31,38.3555,45.3565,19.8224
2017-04-03,38.374,45.7565,19.8477
2017-04-04,38.4847,45.8775,20.1504
2017-04-05,38.3186,45.6077,20.3607
2017-04-06,37.9262,45.5959,20.5709
2017-04-07,37.9169,45.8125,20.6382
2017-04-10,37.7207,45.6995,20.9157
2017-04-11,37.6553,45.8501,20.941
2017-04-12,37.8888,46.0573,21.1428
2017-04-13,37.6273,45.7748,21.126
2017-04-17,37.646,45.9537,21.2774
2017-04-18,37.5993,46.3397,21.0755
2017-04-19,37.5993,46.0761,21.269
2017-04-20,37.702,45.5771,21.4372
2017-04-21,37.3003,44.485,21.2942
2017-04-24,37.3844,44.2967,21.4035
2017-04-25,37.3097,43.9672,21.8072
2017-04-26,37.7767,44.5885,21.7567
2017-04-27,37.2816,43.9389,21.6895
2017-04-28,37.0201,43.2234,21.5885
2017-05-01,36.525,43.1951,21.3447
2017-05-02,36.3849,43.2234,21.824
2017-05-03,35.8711,43.4493,21.3783
2017-05-04,35.5068,43.1951,19.9654
2017-05-05,36.0206,43.9577,19.8477
2017-05-08,36.0299,43.9013,20.8569
2017-05-09,35.7029,43.7035,21.0503
2017-05-10,35.9178,43.6659,21.1176
2017-05-11,35.9085,43.327,20.5541
2017-05-12,35.9552,43.1575,20.7139
2017-05-15,36.0486,42.7244,20.8653
2017-05-16,35.6749,42.6585,20.8316
2017-05-17,34.993,41.8771,20.6466
2017-05-18,35.4507,42.4043,20.6803
2017-05-19,35.7216,42.7621,20.9157
2017-05-22,35.731,42.8186,20.983
2017-05-23,35.787,42.8186,21.1849
2017-05-24,35.6376,42.4043,20.9914
2017-05-25,35.7123,42.6585,20.9662
2017-05-26,35.6095,42.6679,20.8569
2017-05-30,36.0112,43.4964,21.0083
2017-05-31,35.9925,43.9107,20.983
2017-06-01,36.3101,43.7883,22.238
2017-06-02,36.3101,43.7224,22.238
2017-06-05,36.2541,43.6565,22.2209
2017-06-06,36.1794,43.7224,22.2123
2017-06-07,36.2074,43.7789,22.1693
2017-06-08,35.9645,43.487,22.3326
2017-06-09,36.2354,43.986,22.4444
2017-06-12,36.497,44.4285,22.8656
2017-06-13,36.1327,43.7412,23.4157
2017-06-14,36.17,43.9577,23.4759
2017-06-15,36.2821,43.9107,23.1664
2017-06-16,36.3942,43.9013,22.1091
2017-06-19,36.3475,43.8448,21.7996
2017-06-20,36.114,43.2516,21.2323
2017-06-21,35.6376,42.7527,21.0088
2017-06-22,35.5909,42.7621,20.9314
2017-06-23,35.4507,42.7338,20.983
2017-06-26,35.6376,43.0728,21.1034
2017-06-27,35.2172,42.216,21.112
2017-06-28,35.4414,42.216,21.3698
2017-06-29,35.1425,41.8112,20.7853
2017-06-30,35.2452,42.0465,20.5274
2017-07-03,35.6002,42.3666,20.6048
2017-07-05,35.6095,42.0371,20.4071
2017-07-06,35.1837,41.5101,20.5446
2017-07-07,34.9944,41.472,20.2867
2017-07-10,34.8525,41.2049,20.175
2017-07-11,34.6348,40.9092,19.9859
2017-07-12,34.8525,41.224,19.3412
2017-07-13,34.2658,41.4815,19.5819
2017-07-14,34.3509,41.5483,19.7624
2017-07-17,34.4361,41.6437,19.6678
2017-07-18,34.0576,41.3575,19.195
2017-07-19,34.1901,41.4434,19.4959
2017-07-20,34.5591,42.1778,19.9601
2017-07-21,34.5497,42.1874,20.089
2017-07-24,34.2847,41.6914,19.5647
2017-07-25,34.2752,41.9489,19.7366
2017-07-26,35.9881,42.3495,19.6506
2017-07-27,37.294,45.602,20.2867
2017-07-28,36.906,45.726,20.0117
2017-07-31,36.906,46.1648,20.0031
2017-08-01,36.7924,46.6321,20.0804
2017-08-02,36.2152,45.9835,20.4071
2017-08-03,36.2246,46.3651,19.2896
2017-08-04,36.3666,46.6512,19.3154
2017-08-07,36.4517,46.6035,19.2036
2017-08-08,36.3003,46.3555,18.7996
2017-08-09,36.3003,45.9931,18.7566
2017-08-10,36.1395,45.8023,18.6363
2017-08-11,36.0543,45.8405,18.6191
2017-08-14,36.4328,46.5272,18.877
2017-08-15,36.1111,46.2411,17.6563
2017-08-16,36.1773,46.1743,17.9572
2017-08-17,35.5811,45.6783,16.6592
2017-08-18,35.3635,45.4876,16.4701
2017-08-21,35.5622,45.9168,16.5045
2017-08-22,35.9407,46.1171,17.1062
2017-08-23,35.884,46.0503,17.5188
2017-08-24,35.6568,46.0789,17.2437
2017-08-25,35.9502,46.4318,17.3899
2017-08-28,35.9029,46.3651,17.8283
2017-08-29,35.8177,46.2697,17.7337
2017-08-30,35.6474,45.8977,17.5446
2017-08-31,35.4487,45.7546,17.4122
2017-09-01,35.4676,45.7069,17.6947
2017-09-05,35.0985,45.1728,17.2356
2017-09-06,34.6064,44.7436,16.7764
2017-09-07,33.6885,44.0664,16.4762
2017-09-08,33.6791,43.9805,16.3702
2017-09-11,33.821,44.1618,16.1937
2017-09-12,34.3131,44.6291,16.8735
2017-09-13,34.5875,45.0679,16.5557
2017-09-14,34.3699,45.0011,16.5115
2017-09-15,35.108,45.6497,16.7588
2017-09-18,35.4108,45.8691,16.176
2017-09-19,36.1584,47.0614,16.3614
2017-09-20,36.3666,47.1949,16.485
2017-09-21,36.1678,46.6798,16.3261
2017-09-22,36.518,47.5955,16.3702
2017-09-25,37.0195,47.5955,17.0766
2017-09-26,36.641,47.2235,17.0943
2017-09-27,36.6883,47.2235,17.0501
2017-09-28,36.9438,47.1281,16.9618
2017-09-29,37.0668,47.2044,16.6881
2017-10-02,37.0101,47.0804,17.059
2017-10-03,37.3602,47.5478,17.8183
2017-10-04,37.3791,47.5955,17.7388
2017-10-05,37.3886,47.4715,17.677
2017-10-06,36.9766,47.1144,17.6594
2017-10-09,36.6987,47.346,17.7477
2017-10-10,36.8903,47.4329,17.9419
2017-10-11,36.5933,47.1626,17.8978
2017-10-12,34.3607,46.6704,17.9684
2017-10-13,34.2074,46.1974,17.8801
2017-10-16,34.6577,46.4194,17.4475
2017-10-17,34.7152,46.7186,16.7941
2017-10-18,34.217,46.9599,16.4674
2017-10-19,34.1978,47.5005,16.3261
2017-10-20,34.0541,47.8094,16.8117
2017-10-23,33.7762,47.2881,16.5998
2017-10-24,33.4025,47.2399,16.5468
2017-10-25,32.0854,46.9696,16.3482
2017-10-26,32.2719,47.1916,16.3438
2017-10-27,32.5497,47.1723,15.4343
2017-10-30,32.1377,46.1684,16.2466
2017-10-31,32.2431,46.207,16.7676
2017-11-01,32.1473,46.1684,15.761
2017-11-02,31.7832,45.8113,15.4166
2017-11-03,31.9077,45.7727,14.4542
2017-11-06,31.4861,43.9483,14.7191
2017-11-07,31.6874,43.9869,14.3218
2017-11-08,32.0419,43.8808,14.3571
2017-11-09,32.5785,43.5043,13.6684
2017-11-10,32.7893,43.3209,13.6684
2017-11-13,32.7414,43.1954,13.5359
2017-11-14,32.3102,42.6838,12.7148
2017-11-15,32.3964,42.5777,13.0503
2017-11-16,33.0767,43.2147,13.0238
2017-11-17,33.0671,43.8421,13.0679
2017-11-20,33.1917,44.5951,13.0679
2017-11-21,32.8947,44.5757,12.8295
2017-11-22,33.4121,45.4638,12.6618
2017-11-24,33.3546,45.3769,12.6985
2017-11-27,33.23,46.0043,12.4966
2017-11-28,33.9391,47.124,12.5609
2017-11-29,34.9548,48.1665,13.3407
2017-11-30,34.859,49.1221,13.3866
2017-12-01,34.9739,49.4696,13.1205
2017-12-04,35.7118,49.9233,13.5885
2017-12-05,35.0219,49.1511,13.2031
2017-12-06,34.6003,48.9194,12.6985
2017-12-07,34.6577,48.6685,12.937
2017-12-08,35.1943,49.3152,13.46
2017-12-11,35.3572,50.0391,14.561
2017-12-12,36.5071,51.3422,14.4051
2017-12-13,36.4496,51.0526,15.3685
2017-12-14,36.1621,50.5218,15.1116
2017-12-15,36.6412,50.8403,15.5887
2017-12-18,36.852,51.4001,16.286
2017-12-19,36.4591,50.9947,15.9649
2017-12-20,36.9382,50.9368,15.7355
2017-12-21,37.2544,51.1685,16.0291
2017-12-22,37.3119,51.3422,15.818
2017-12-26,37.4269,51.3712,15.9282
2017-12-27,37.264,51.4291,15.6621
2017-12-28,37.5419,51.5739,15.7079
2017-12-29,37.2544,51.0913,15.3042
2018-01-02,36.9287,51.6704,15.974
2018-01-03,36.0759,50.6086,15.6712
2018-01-04,36.4112,50.7727,15.5703
2018-01-05,36.5454,50.6569,15.5978
2018-01-08,36.6508,50.57,15.8089
2018-01-09,36.3984,50.3845,15.1758
2018-01-10,35.5537,50.4626,16.0383
2018-01-11,35.4178,50.8727,16.0291
2018-01-12,35.8255,50.6286,15.9282
2018-01-16,35.6508,50.4334,15.9098
2018-01-17,35.777,50.4919,15.9924
2018-01-18,36.0683,50.326,15.9098
2018-01-19,36.1265,50.6774,15.8823
2018-01-22,36.7673,52.1906,16.2126
2018-01-23,36.1071,51.9661,15.9006
2018-01-24,35.942,52.9326,15.9557
2018-01-25,36.3595,53.0009,16.3135
2018-01-26,36.7187,53.4207,16.7172
2018-01-29,36.1751,52.8447,16.5429
2018-01-30,36.3498,52.6202,16.341
2018-01-31,36.3595,52.7861,16.341
2018-02-01,38.0197,53.0107,16.4695
2018-02-02,36.9615,51.722,16.2676
2018-02-05,35.5634,49.3009,15.4143
2018-02-06,35.7576,49.6231,15.6621
2018-02-07,35.8547,49.7988,15.6529
2018-02-08,34.5343,47.8756,14.8638
2018-02-09,35.0003,48.6956,14.662
2018-02-12,35.311,48.9202,15.3776
2018-02-13,35.5343,48.8909,15.7905
2018-02-14,35.3498,48.3344,16.13
2018-02-15,35.9226,48.5589,17.5522
2018-02-16,36.0585,48.9592,17.3687
2018-02-20,35.6993,47.7584,16.9466
2018-02-21,35.2527,46.8212,16.4236
2018-02-22,35.4081,46.7333,16.497
2018-02-23,35.6508,47.1434,16.708
2018-02-26,36.3692,47.9244,16.8915
2018-02-27,35.7964,46.8993,16.5888
2018-02-28,35.243,46.6064,16.2126
2018-03-01,34.9517,46.8212,15.9649
2018-03-02,35.2916,47.1141,16.4288
2018-03-05,35.6314,47.5534,16.8928
2018-03-06,35.7964,47.7291,17.1011
2018-03-07,35.8352,47.6803,16.9307
2018-03-08,36.0294,47.8463,16.8739
2018-03-09,35.9712,47.8463,16.9875
2018-03-12,36.2721,47.6413,17.0633
2018-03-13,36.3013,47.4948,16.7602
2018-03-14,35.9517,47.2996,16.4099
2018-03-15,35.9615,47.1434,16.069
2018-03-16,35.9226,47.407,16.2205
2018-03-19,35.5149,47.1629,15.7944
2018-03-20,35.2818,46.5576,15.3872
2018-03-21,34.9517,46.1574,15.4819
2018-03-22,34.3401,45.7669,14.9517
2018-03-23,33.6896,45.1909,14.696
2018-03-26,33.6799,45.9523,15.3494
2018-03-27,33.8838,46.1866,15.2736
2018-03-28,34.5246,46.8603,15.3494
2018-03-29,34.6119,46.6845,15.5577
2018-04-02,34.0779,46.0402,15.4251
2018-04-03,34.3401,46.3721,15.6334
2018-04-04,34.8352,46.7919,16.2489
2018-04-05,35.0877,47.0946,16.4383
2018-04-06,34.5925,46.3526,16.2963
2018-04-09,34.6319,46.3822,16.391
2018-04-10,35.2621,47.7168,16.7508
2018-04-11,34.7107,47.0347,16.5425
2018-04-12,34.6221,47.1929,16.3341
2018-04-13,34.6024,47.1138,16.1448
2018-04-16,35.0947,47.8354,16.4383
2018-04-17,34.819,48.2901,16.6845
2018-04-18,34.6713,48.0628,16.6182
2018-04-19,34.2873,47.8749,16.4004
2018-04-20,34.1395,47.351,16.675
2018-04-23,34.3562,48.1023,16.7887
2018-04-24,34.4645,49.1007,16.978
2018-04-25,34.6614,49.5258,17.5178
2018-04-26,32.5936,49.1897,17.5367
2018-04-27,32.5345,50.979,17.8965
2018-04-30,32.1997,48.7844,17.5935
2018-05-01,32.0421,48.2605,17.5083
2018-05-02,31.5695,47.2027,17.5083
2018-05-03,31.4513,47.2917,17.1106
2018-05-04,31.6483,47.6377,17.5083
2018-05-07,31.5498,47.183,17.4988
2018-05-08,31.215,46.4811,17.1674
2018-05-09,30.9196,45.8484,17.0822
2018-05-10,31.3922,46.659,18.37
2018-05-11,31.796,48.0628,18.5594
2018-05-14,31.6975,47.9343,18.2185
2018-05-15,31.599,47.2423,18.3416
2018-05-16,31.8058,47.3115,18.2374
2018-05-17,31.4415,47.3016,18.2279
2018-05-18,31.5596,47.1929,18.2658
2018-05-21,32.0914,47.8749,18.2564
2018-05-22,31.9338,48.2506,18.2658
2018-05-23,31.8354,48.0331,18.0007
2018-05-24,32.2785,48.0825,17.5367
2018-05-25,32.0126,47.9639,17.2148
2018-05-29,31.8354,47.6476,17.2526
2018-05-30,32.0717,48.043,17.3379
2018-05-31,31.8255,47.1237,17.2526
2018-06-01,31.9732,47.2621,17.3112
2018-06-04,31.9141,47.2719,17.2136
2018-06-05,32.18,47.4202,17.0087
2018-06-06,32.8693,47.8552,17.1648
2018-06-07,33.2927,48.4483,17.1941
2018-06-08,33.3124,48.6163,17.2234
2018-06-11,33.657,48.735,17.4185
2018-06-12,33.8244,48.2506,17.5161
2018-06-13,31.727,46.8567,17.116
2018-06-14,32.0224,47.2719,17.5747
2018-06-15,32.6428,47.5092,17.5844
2018-06-18,31.6975,46.9161,17.6918
2018-06-19,31.8944,47.9441,17.9943
2018-06-20,31.5104,47.5388,18.1211
2018-06-21,31.1165,48.0727,18.004
2018-06-22,31.2051,49.1897,18.1699
2018-06-25,31.2248,49.0315,18.326
2018-06-26,31.1362,48.735,18.2968
2018-06-27,31.1658,48.7449,18.1992
2018-06-28,31.6975,50.2771,18.248
2018-06-29,31.6187,49.7334,18.1894
2018-07-02,31.7172,49.8421,18.0821
2018-07-03,32.2095,50.1189,18.6383
2018-07-05,32.1012,50.6923,18.9115
2018-07-06,32.18,50.89,19.1848
2018-07-09,32.15,50.74,19.4092
2018-07-10,32.5,51.34,19.6239
2018-07-11,31.87,51.34,19.3214
2018-07-12,32.23,51.24,19.5166
2018-07-13,31.67,51.41,19.3995
2018-07-16,31.9,51.59,19.136
2018-07-17,31.76,51.43,19.1555
2018-07-18,31.71,51.14,19.0384
2018-07-19,31.27,50.75,18.7652
2018-07-20,31.1,50.62,18.3065
2018-07-23,31.0,50.75,18.3651
2018-07-24,31.68,51.51,18.2577
2018-07-25,30.25,50.91,17.8186
2018-07-26,30.35,51.18,17.9455
2018-07-27,31.08,52.01,17.926
2018-07-30,32.0,52.49,18.1894
2018-07-31,31.97,51.64,18.3163
2018-08-01,31.9,51.73,18.1211
2018-08-02,31.85,51.98,18.2773
2018-08-03,32.27,52.27,18.3748
2018-08-06,32.11,52.48,18.248
2018-08-07,32.4,52.46,18.1894
2018-08-08,32.36,52.7,18.0919
2018-08-09,32.49,53.01,20.4631
2018-08-10,32.26,52.47,20.8632
2018-08-13,32.21,52.22,21.3511
2018-08-14,32.24,52.87,21.8195
2018-08-15,32.47,53.24,21.9269
2018-08-16,33.09,54.27,22.7661
2018-08-17,33.03,54.79,22.9124
2018-08-20,33.11,54.65,23.2833
2018-08-21,33.4,54.91,23.4004
2018-08-22,32.68,54.14,21.8781
2018-08-23,32.49,54.28,22.2586
2018-08-24,32.64,54.78,22.2001
2018-08-27,32.83,54.85,22.3172
2018-08-28,32.67,54.65,21.9561
2018-08-29,32.23,54.57,21.8
2018-08-30,31.96,54.75,21.68
2018-08-31,31.94,54.37,21.36
2018-09-04,31.86,53.19,21.5
2018-09-05,32.02,53.82,21.65
2018-09-06,32.18,54.29,22.0
2018-09-07,32.12,54.0,21.94
2018-09-10,32.39,54.12,21.81
2018-09-11,32.67,54.72,22.51
