date,DWDP,PX,ECL,SHW,APD,LYB,PPG,IP,NUE,FCX,NEM,BLL,VMC,EMN,WRK,MLM,CF,FMC,ALB,MOS,PKG,IFF,AVY,SEE
2017-09-01,65.7283,127.5653,130.9701,340.6826,141.9038,87.1151,102.8898,53.0349,54.1248,14.9849,38.0449,39.7471,120.1079,84.873,56.2721,209.7437,29.1089,86.74,116.8399,19.8815,110.1511,134.4931,93.3329,44.2937
2017-09-05,63.5759,126.8546,131.3448,342.0309,140.7541,86.285,101.7585,52.919,53.4324,14.7065,38.1335,39.5887,117.0755,82.89,55.2133,206.016,28.235,84.9637,114.9095,19.2389,108.6364,135.7801,93.1266,43.5842
2017-09-06,63.4682,128.2857,129.0379,340.0282,140.7834,88.5341,102.5061,53.0059,53.9395,14.975,37.7694,39.5986,117.9773,82.6956,55.1647,207.3147,30.2934,85.6385,116.8695,19.6673,108.384,135.5851,91.4468,42.8057
2017-09-07,63.2823,129.5173,129.6688,336.6474,140.6567,88.5341,102.3192,52.8224,52.9156,15.1241,38.9699,39.856,118.6512,82.4623,54.8539,207.057,30.7595,86.9881,116.3081,19.4581,109.0151,137.0476,91.0342,43.1112
2017-09-08,63.4487,129.7328,129.2646,341.6046,141.2413,88.4182,101.906,52.9094,53.1984,14.1596,38.6846,39.8758,120.425,82.4623,54.8539,210.1799,31.109,86.4721,116.4952,19.3186,110.4812,138.2858,91.5451,42.3918
2017-09-11,65.4054,132.2303,127.9929,344.5492,145.343,90.4067,104.1785,54.1843,52.6328,14.3088,37.6119,40.5292,115.9458,83.2011,56.0973,202.5064,31.3712,88.2881,121.9812,19.9363,113.4037,139.5631,92.5176,42.9732
2017-09-12,67.0394,132.0442,128.1407,347.355,145.4404,91.2947,104.9556,54.107,52.1549,14.2193,37.7398,40.3114,116.9368,83.794,56.311,203.3887,31.2547,89.0125,122.7592,20.1854,114.8309,139.6314,93.5491,42.9929
2017-09-13,67.9982,131.388,127.5887,343.9544,145.3625,90.899,103.3521,54.2326,52.2719,13.8613,37.3504,39.955,115.9656,83.2108,55.6893,201.5447,31.1673,88.9529,123.7047,20.0558,113.2095,139.5631,93.3329,42.7959
2017-09-14,68.5069,131.3292,129.1562,343.5776,146.2101,91.1499,104.7491,54.3388,52.623,13.7818,37.5279,40.0045,113.5079,83.1717,55.7767,197.7278,31.4197,89.1216,124.4157,20.3647,113.0435,140.0701,94.0697,42.6283
2017-09-15,68.3504,131.4565,129.1956,338.0651,146.2686,91.8642,104.572,54.3098,52.1744,13.8016,37.3208,40.1233,112.1899,83.0837,55.9127,197.4898,31.9343,88.8735,125.6895,20.5839,113.1216,140.1871,95.1208,42.8156
2017-09-18,68.2624,131.9658,129.0473,336.7961,147.0675,92.26,105.0639,55.1018,52.9253,14.0502,37.2518,40.3708,114.5485,83.5237,56.0875,200.6623,34.0801,90.6597,129.3726,21.2315,113.4535,140.5381,97.1641,42.2637
2017-09-19,68.5363,133.6994,129.2549,339.8101,146.629,93.206,106.5788,55.5365,53.7445,14.3983,37.5574,40.2025,114.1422,84.7559,55.699,197.4402,34.5073,91.4338,132.957,20.7632,114.4688,141.0061,96.7613,41.1108
2017-09-20,68.8885,135.1489,129.3142,344.0733,147.0967,92.7137,107.0412,55.8649,54.5929,14.1,37.1039,40.3708,117.135,84.1496,56.583,200.4145,34.1675,91.2452,134.369,20.7931,116.4407,141.3864,97.1346,41.2586
2017-09-21,68.8005,135.717,129.4526,346.6214,147.1649,92.4627,107.2183,55.3337,53.1594,13.9011,36.9067,40.3906,115.9458,83.9051,55.9613,198.0847,34.9151,89.7468,133.1939,20.8629,115.9721,140.1774,97.0757,41.8203
2017-09-22,68.4482,134.7669,129.8382,346.7701,146.3952,93.5052,106.992,54.136,53.1789,13.9806,37.3602,40.5886,115.6187,84.5701,54.0768,196.9842,34.2063,89.2605,132.6015,20.7832,113.4438,141.2844,97.0167,41.8794
2017-09-25,68.82,134.8649,129.9964,348.9909,147.6325,94.5187,107.3855,53.769,52.9546,13.8116,38.0899,40.4005,114.6872,85.724,53.63,194.4561,34.8666,85.3507,127.2694,21.1817,111.1888,141.9506,97.1445,41.5543
2017-09-26,67.8514,135.5798,128.7507,349.1297,147.0967,96.2948,106.7461,53.9911,52.7498,13.911,37.4391,40.5589,114.8458,84.9221,54.0088,194.8626,33.8665,85.053,126.8053,21.3112,111.5988,140.9121,96.8694,42.1751
2017-09-27,67.3133,135.8541,127.505,346.8494,147.4279,96.3141,106.2345,54.7155,54.2321,13.921,36.6897,40.5787,117.7593,85.4209,54.7179,200.8507,34.0704,86.5217,128.3852,21.3809,112.5457,138.1591,97.6454,41.9189
2017-09-28,67.5677,138.1557,127.8016,353.9878,147.4474,96.3141,107.0805,54.928,54.4849,14.3386,37.094,41.0044,118.0467,87.9732,55.155,203.24,33.8277,87.4513,130.6563,21.2215,112.858,139.7071,98.1661,42.313
2017-09-29,67.734,136.8629,127.1491,354.9793,147.3305,95.6095,106.8936,54.8797,55.025,13.9607,36.9855,40.8856,118.5223,88.4915,55.1065,204.4595,34.1384,88.7934,134.5961,21.5105,111.9502,140.0108,96.6042,42.0962
2017-10-02,68.8983,138.283,129.1659,356.3574,148.2853,97.0574,109.1956,55.4206,55.0348,14.2591,37.3504,40.945,117.8584,88.9707,56.4081,203.2301,34.3714,88.3361,134.9022,21.6699,114.0685,141.5391,97.6651,42.382
2017-10-03,68.8396,139.5563,129.0769,371.1697,149.2498,96.2948,110.1695,55.4302,54.9464,14.5574,37.6955,41.1628,118.6314,89.2543,56.3984,204.6379,34.3617,89.7877,135.6921,21.6798,114.4785,142.9499,97.5079,43.1013
2017-10-04,68.9277,139.4191,129.2747,370.9714,148.9673,95.4454,110.4351,55.8069,55.0937,14.448,37.5476,41.341,117.5214,87.719,56.5247,204.2017,34.0801,90.4339,136.4821,21.64,114.5371,143.6749,97.95,43.3575
2017-10-05,69.4364,139.4191,130.2435,376.6524,149.3668,96.0245,111.1926,55.7393,55.6436,14.6667,37.4194,41.6083,119.7908,88.824,56.2333,208.1079,34.0121,91.1895,137.904,21.5603,114.2735,144.2627,98.1268,43.4462
2017-10-06,69.681,139.0372,130.4709,380.1919,150.2884,95.4647,111.4385,55.4882,55.133,14.2491,37.5279,41.5984,119.1665,88.9903,56.5052,204.1819,33.2063,90.6327,135.465,20.9426,113.7269,142.6756,98.5689,43.5152
2017-10-09,70.1311,137.9696,130.5599,378.7345,149.7394,95.5998,110.8089,55.0825,54.3966,14.2392,37.7448,41.638,119.107,87.6701,56.8647,204.162,33.4393,90.2351,134.8331,20.8629,113.9416,143.4104,98.9323,43.6729
2017-10-10,70.0235,137.7248,131.1926,378.209,150.1805,94.6539,110.5531,55.6717,54.3671,14.3287,37.3701,42.0736,117.9377,86.8193,57.2823,203.3788,33.4781,90.1555,136.0377,20.8429,114.6738,145.2522,99.0109,44.1261
2017-10-11,70.0724,138.2732,131.0443,379.7656,149.9256,93.8816,110.5827,55.4302,56.3014,14.3485,37.5476,41.8756,116.2233,86.2032,56.8938,201.9809,33.8956,91.8954,135.6921,21.0223,113.9221,144.733,99.4235,43.3674
2017-10-12,69.8571,138.949,132.3889,380.2911,150.3276,94.1423,111.5566,55.2757,56.38,14.4281,37.8532,41.8261,116.7287,86.4086,57.0298,204.2116,34.7986,92.3925,135.5736,21.1518,112.7507,144.5958,99.0207,43.4955
2017-10-13,69.8865,139.282,132.5668,382.5417,150.4452,94.2871,111.6549,55.4882,57.2539,14.6667,38.0504,41.9251,115.2323,86.6922,57.1755,202.8137,35.7307,93.1779,137.193,21.6998,112.9361,145.1739,100.1406,43.8995
2017-10-16,69.3973,138.381,132.9227,380.7868,150.2099,94.3064,111.3303,55.749,56.1738,15.1838,37.4588,41.7667,116.2728,85.9294,57.4378,203.7754,35.8181,94.4605,138.3977,21.8193,114.215,146.7414,100.3764,43.998
2017-10-17,69.3484,138.5279,131.074,379.4087,150.455,94.7986,111.1237,56.1546,56.0756,14.8457,37.8138,41.5588,115.9557,85.372,57.8943,201.7331,35.9249,93.8739,137.6571,20.9824,113.9709,145.5657,99.787,43.6236
2017-10-18,69.2505,137.0196,130.204,380.8066,150.1903,94.8469,111.045,56.0387,56.2425,14.7463,37.3306,41.6875,115.8863,86.1152,57.8943,201.6042,35.7598,93.516,137.904,21.082,113.6488,144.2921,98.7359,43.4364
2017-10-19,69.3581,137.5191,130.2435,384.2569,149.857,95.9377,112.4518,55.6427,57.5582,14.7264,37.3109,41.5192,118.9584,86.8291,57.8943,207.7014,35.2744,93.5756,137.7361,21.0223,113.8245,145.1151,97.0462,43.5152
2017-10-20,69.6419,140.1929,131.2915,386.3687,151.1903,95.5033,115.8457,56.2222,58.9132,14.7463,37.2616,41.8756,120.5142,86.8584,58.7977,214.3042,35.9152,94.0031,139.0099,21.3311,115.5426,147.3096,97.95,44.5597
2017-10-23,70.0039,139.5073,131.0938,383.2753,150.5825,95.1365,114.9898,56.2609,58.3732,14.7264,36.8475,42.4794,119.989,86.7117,59.0211,211.4192,35.2549,93.6651,136.7882,20.9525,115.3278,147.1137,97.2623,44.205
2017-10-24,70.3072,140.0068,130.7972,385.5854,150.8275,97.4338,115.5309,56.6665,58.6972,15.144,36.6109,42.4893,122.6449,88.472,59.3222,214.7305,36.5172,93.6253,136.9758,21.5702,115.8062,146.0262,97.1641,43.9094
2017-10-25,69.5832,140.7218,130.9652,389.3331,151.4256,96.3141,115.8457,56.0291,57.9412,14.627,36.2559,42.034,121.2624,88.648,59.2542,210.4674,36.5948,92.7206,136.7586,21.4706,115.3034,146.2417,102.2134,43.9389
2017-10-26,71.4715,146.5199,131.163,393.1105,158.2194,97.7137,116.7409,56.0194,58.6481,14.6071,35.3093,42.3012,121.9016,89.0294,58.7394,215.0577,36.3618,92.6013,137.2918,21.082,115.7574,146.9569,103.0091,44.0867
2017-10-27,70.9725,145.0899,130.4907,393.8938,157.7194,95.5709,116.0129,55.9711,58.4125,14.0502,35.2995,42.3408,121.3467,90.9461,59.0891,215.256,36.0317,91.9749,137.3313,20.8629,114.1466,145.5462,104.237,43.9488
2017-10-30,70.1311,144.4141,129.4328,390.8798,156.8077,102.3181,114.2717,55.2371,57.411,13.8613,35.7234,42.2121,120.871,89.7921,58.5937,215.9896,36.2841,91.8159,137.7559,20.7732,112.819,143.7925,103.461,43.4561
2017-10-31,70.7475,143.1115,129.1758,391.7721,156.2979,99.9339,114.3504,55.3143,56.7826,13.9011,35.6544,42.4992,120.653,88.8045,59.5748,214.9883,36.8764,92.3229,139.1185,22.2577,113.5023,144.4293,104.296,43.5842
2017-11-01,71.7356,144.8745,129.7789,392.3868,156.7783,99.8373,114.0356,55.749,57.735,14.2988,35.191,42.2715,119.9296,88.9707,59.5748,215.4344,36.9347,91.3685,140.5404,22.5566,113.7952,145.311,105.1408,43.3181
2017-11-02,70.4833,144.8549,129.7492,388.7581,156.2783,99.9435,114.2717,55.5365,57.3913,14.1497,35.9699,41.3806,123.1503,89.1174,58.108,207.166,37.4299,89.6286,135.1885,22.3872,113.4438,145.1935,106.5259,43.2491
2017-11-03,69.6223,144.4631,129.8876,393.7153,156.1215,101.9126,114.6357,55.1695,56.9495,14.0701,35.5361,41.3311,125.2908,89.3032,58.2343,209.9916,37.4784,90.583,138.2792,22.2976,112.985,145.3012,106.1821,43.4955
2017-11-06,68.7222,144.4337,130.4116,390.5724,155.6803,102.791,114.4488,53.9042,56.9298,14.5574,35.8615,41.0341,123.4872,88.3644,57.5738,210.745,38.0707,90.4339,140.1849,22.4071,108.3187,143.479,105.1801,43.1703
2017-11-07,69.6027,145.8832,129.4625,390.6418,156.6312,102.2408,114.4488,53.3633,56.6451,14.4679,35.5361,40.6381,121.5548,88.6089,57.2629,208.2368,35.8181,92.9692,141.3303,22.4769,108.6995,146.9471,105.1506,42.9732
2017-11-08,69.2799,146.8822,128.9089,392.129,157.7783,102.1829,114.2323,53.3923,56.6549,14.7761,35.8023,40.3312,122.7836,88.5893,57.6418,211.3696,36.6822,92.7007,142.7621,22.5566,108.758,144.537,105.8481,44.1459
2017-11-09,68.7124,145.4033,128.7704,383.7215,157.3959,100.5709,113.699,53.0542,55.4963,14.6369,35.3783,39.9154,123.5566,87.9928,57.7591,211.1218,36.0608,91.627,139.0691,22.4171,106.6299,143.7631,103.8932,44.1163
2017-11-10,68.458,145.227,128.8199,386.1307,157.1508,100.6385,113.2447,52.977,54.8188,14.3287,35.0234,39.5788,122.9719,88.7458,57.3971,211.4192,36.1968,92.6808,138.8519,22.7559,107.6452,143.7925,103.3333,43.7024
2017-11-13,68.9866,145.0997,130.1447,386.3786,159.5625,100.5709,113.1262,52.5327,54.6911,14.3485,35.2107,39.9055,122.8728,89.4108,57.5732,210.6459,36.2841,94.3312,141.5673,23.1942,109.6854,146.6826,106.0347,44.3232
2017-11-14,67.452,144.5904,129.9074,385.8035,158.9645,100.1366,112.9287,52.937,53.8663,13.7221,35.7727,39.5887,122.8034,88.247,57.3971,210.3386,34.767,92.472,135.9192,22.9153,110.0271,147.5938,106.2606,44.4415
2017-11-15,67.8455,143.1605,128.7507,382.6606,157.6998,98.9396,111.9806,51.6481,53.9449,13.5531,35.5755,38.9849,120.4647,87.5723,57.495,204.4099,38.9869,91.5872,96.2798,22.2976,109.1876,144.9485,105.7989,44.2937
2017-11-16,69.5276,145.9714,130.4907,385.5619,158.0135,99.6153,112.5929,52.6837,53.7976,13.5431,35.5854,40.1134,122.7341,88.159,57.8766,207.5824,35.4032,92.7802,133.6284,22.3972,109.2071,145.5755,106.3392,44.9145
2017-11-17,69.5867,147.5385,129.9568,384.5186,158.4057,100.291,112.4152,52.8201,53.8074,13.7818,35.7037,39.5788,121.9314,87.7581,58.219,205.9367,34.7279,92.4024,134.4973,22.8555,109.7928,145.7323,106.3785,45.0524
2017-11-20,69.6949,147.7637,130.6291,385.2241,158.3959,100.6481,113.4521,52.7616,54.5537,13.8713,35.822,39.3412,122.7539,88.0612,57.1916,206.9479,35.0215,92.134,133.6975,22.9452,109.1095,146.8982,108.746,44.3528
2017-11-21,70.0982,148.2338,130.9455,387.6486,159.1017,100.2138,113.9064,53.3073,54.9661,14.0701,35.8615,39.2027,121.88,89.0,57.3971,205.6591,35.6773,93.8739,134.9812,23.523,109.373,148.6322,108.4709,44.4809
2017-11-22,69.449,148.5962,131.4793,388.0758,158.4449,99.8277,113.8373,53.3463,55.133,14.1596,36.1967,39.1235,121.9892,88.8925,57.5243,205.3517,35.5403,92.6311,133.5494,23.802,109.4023,147.9171,109.1389,44.6484
2017-11-24,69.9998,149.7323,131.3508,391.5238,158.3861,100.7157,114.657,53.5119,54.917,14.269,36.1671,39.5392,121.463,89.1272,57.5928,204.1323,35.1781,94.0628,135.3367,23.7621,108.8166,149.2887,109.7283,44.9046
2017-11-27,68.9866,148.9488,131.3014,387.7281,157.7783,100.7543,114.4101,53.6288,54.8384,14.0105,36.5813,39.6382,118.7918,88.8827,57.4265,200.0873,35.1585,93.2674,134.5171,23.3935,108.7678,148.3971,109.9445,45.8802
2017-11-28,69.931,153.1407,132.725,395.0115,160.0331,101.2949,115.8816,54.155,55.2606,14.1298,36.6207,39.1829,120.8076,89.665,58.0038,202.5956,35.6773,93.9534,135.1688,24.0013,110.2614,151.3167,110.023,46.4714
2017-11-29,70.6097,151.9752,133.4665,391.4542,159.4253,101.3624,115.5557,54.0965,56.3211,13.9309,36.0883,39.1631,123.9852,89.3912,58.9627,206.7199,36.0688,92.6709,130.2909,24.3001,112.3504,151.4244,109.9052,46.6488
2017-11-30,70.7868,150.7509,134.376,396.8795,159.837,101.0632,115.3976,55.1586,56.4585,13.8414,36.4728,39.6097,124.7696,90.33,61.0664,207.0378,36.6757,93.854,132.6311,24.2005,115.7769,152.2866,112.1056,47.509
2017-12-01,69.8523,148.7431,133.3577,392.5572,158.4645,100.4841,114.4891,54.2037,56.2621,14.0303,36.67,39.441,120.3607,89.9486,61.0566,201.335,36.7931,93.3867,130.4884,24.1906,114.6054,151.5616,110.6419,47.2025
2017-12-04,70.954,150.2024,135.7008,404.3417,159.2096,101.078,116.0988,55.4217,57.7546,14.2193,36.3249,40.3441,124.3724,89.3814,62.1036,207.0874,36.1178,90.941,127.7236,23.6127,116.0795,151.2089,110.0427,47.5782
2017-12-05,70.3736,149.9282,135.859,402.9705,158.7978,101.8278,115.2989,55.4606,56.596,14.0303,35.6939,40.4831,121.8502,89.1858,61.947,204.5639,36.568,89.3303,126.3807,23.7522,114.9569,151.8261,111.6602,47.4497
2017-12-06,69.9211,148.0552,135.3251,398.6382,157.2685,101.9349,114.7459,55.3437,56.8906,14.269,35.329,40.493,120.2614,88.6089,62.0546,200.2024,35.7752,87.4811,125.8771,23.3483,114.5469,150.6798,109.9835,47.0443
2017-12-07,70.2064,148.6163,134.376,403.8847,157.8175,103.707,114.6668,55.3437,57.5288,14.7562,35.4921,40.5029,124.005,89.4792,62.1916,207.1967,37.4098,87.7396,127.457,23.807,115.1521,150.1508,110.812,47.42
2017-12-08,69.5768,149.0594,133.7927,406.2495,157.7587,104.3204,114.4792,55.4509,59.0802,14.8855,34.9783,39.302,124.998,90.1442,63.0331,212.7107,38.4277,88.2963,128.9579,23.5577,115.5231,149.9353,112.1731,47.2519
2017-12-11,69.6555,149.8962,133.1402,405.1664,159.9154,104.6807,114.2422,55.8504,60.1602,14.9352,34.2569,39.302,122.0587,90.7505,63.0331,207.3259,38.5648,89.1215,129.4911,23.7771,115.3181,149.2103,113.406,47.2321
2017-12-12,69.6359,148.9904,133.3182,404.4312,159.69,104.1744,114.4496,55.1781,60.8279,15.6213,34.1779,38.5973,120.6586,90.9656,62.5634,205.9052,39.7393,89.6286,128.7209,24.7545,114.1759,149.1711,112.8931,47.1728
2017-12-13,69.4096,148.9215,133.4665,402.8711,159.2978,104.6709,114.8051,55.0319,60.7297,16.2279,35.3241,38.3492,122.2474,91.0243,62.9157,206.6602,40.3853,90.1853,128.4642,24.6249,114.1954,149.9353,112.8043,47.7067
2017-12-14,69.1735,146.8246,132.8436,397.6843,157.3763,102.6554,112.4053,53.7652,58.4616,16.0986,35.4723,38.0019,119.3975,89.0,61.2034,200.8879,40.1504,89.3403,126.2865,24.8343,112.1552,148.5539,112.7156,47.4892
2017-12-15,68.8587,147.2775,133.6543,401.2515,157.2685,103.2396,113.6595,54.8078,59.0213,16.8841,35.4427,39.1035,119.9735,88.7835,61.7513,203.1134,40.2189,91.6667,128.2563,24.8543,112.5261,151.0423,114.3233,48.1319
2017-12-18,70.2261,150.9496,134.7055,405.554,158.9547,106.6767,114.6866,55.9381,60.8868,17.2521,36.2134,38.2401,121.453,90.2693,62.4852,206.2827,40.0623,93.4066,130.7409,24.4454,114.254,151.2089,114.5304,48.824
2017-12-19,70.2556,151.7765,133.9618,409.2503,159.3272,106.0828,114.8644,56.2791,61.2992,17.2322,35.9169,37.9721,118.4244,90.8499,62.0351,202.3484,40.3266,93.9236,130.6815,24.4254,116.0112,151.2677,115.497,49.1009
2017-12-20,70.108,151.619,132.9602,411.7046,159.6311,107.0272,114.7162,56.4837,62.6935,17.5603,36.1738,37.7041,118.1464,91.5387,62.358,203.3121,40.0134,94.371,129.9985,24.4154,116.8897,149.9647,115.0827,47.9638
2017-12-21,70.472,151.7076,132.395,408.9125,159.9546,107.3778,114.736,56.0063,63.3612,18.0774,36.2924,37.3468,121.9892,91.4206,62.4656,209.1241,40.3755,94.5897,127.3457,25.1734,117.4364,148.7792,112.4591,48.1517
2017-12-22,70.9343,151.4516,132.8511,410.4625,160.2095,107.0857,114.7459,56.4934,63.3907,17.9978,36.4801,37.6843,123.3596,91.1648,62.358,209.7302,40.8258,94.9079,127.9792,25.4527,117.8486,149.416,112.6071,48.5373
2017-12-26,70.2753,150.2407,132.5834,408.7734,159.7978,107.037,114.8347,56.016,63.5576,18.5646,37.1224,37.3171,125.8321,91.4895,61.8883,216.1582,41.9416,94.9874,127.7317,25.4327,117.8584,149.1515,113.2482,48.5867
2017-12-27,70.2753,151.7962,132.98,407.5909,160.4546,107.1344,115.0421,56.1719,63.4397,18.5845,37.152,37.2774,126.5868,91.0467,61.722,216.7841,42.157,94.2517,127.1279,25.4228,118.2902,149.8177,113.5638,48.6559
2017-12-28,70.3441,152.8791,133.4064,410.4427,161.386,108.2346,115.7137,56.3473,63.5484,19.1612,37.0631,37.6347,126.706,91.9224,61.8394,216.0489,41.7067,94.6153,127.1477,25.4926,118.6631,151.3333,113.9879,48.8932
2017-12-29,70.0588,152.2786,133.0594,407.4319,161.7903,107.4167,115.368,56.4545,62.7977,18.853,37.073,37.5652,127.4706,91.1549,61.8492,219.6057,41.6382,94.2766,126.5934,25.5923,118.3,150.1917,113.2876,48.7449
2018-01-02,70.7278,153.7652,133.3767,411.0687,163.2003,109.2765,116.5334,58.2376,65.7015,19.6584,37.7054,38.3393,130.946,92.7588,63.3169,223.54,42.2255,95.3423,130.1965,26.5797,121.3029,152.1108,114.0964,48.8636
2018-01-03,71.859,155.0548,134.2394,412.7181,164.0878,109.3057,116.721,59.0073,66.5608,19.3601,37.3892,38.2401,133.3491,93.8215,63.992,226.0238,42.2353,96.5673,130.4538,26.3403,123.6286,153.2721,114.4219,48.9031
2018-01-04,73.2362,157.4865,135.3302,410.4725,164.7188,109.8315,116.0099,60.0011,66.3929,19.6286,37.8042,38.0614,132.4455,94.9629,65.5967,226.5205,42.6757,97.0553,128.8998,26.7493,125.6895,151.3234,115.1814,49.0119
2018-01-05,74.1904,158.8647,136.0343,418.978,166.0993,111.3601,117.4419,60.1181,67.0251,19.7877,37.9425,38.2996,130.9758,95.5533,65.8609,225.8549,42.7442,97.6828,130.3845,26.7892,126.0722,154.3841,116.5425,48.8636
2018-01-08,73.9346,158.8057,135.5583,421.3032,166.2768,111.107,117.2444,60.537,67.4004,19.6982,37.903,38.3294,133.0015,95.9173,66.3012,228.7559,41.8144,97.7724,136.0565,26.2207,127.1615,153.3606,116.9764,49.0811
2018-01-09,74.1117,160.3513,135.5187,421.5118,166.7008,112.1196,116.7506,59.9135,66.946,18.8132,37.656,38.2103,133.2001,95.7107,65.949,226.5305,41.5697,97.7326,134.0668,26.0411,125.5128,151.8155,117.2822,48.4186
2018-01-10,72.9903,160.0953,133.9915,416.8616,166.0007,112.0028,115.1606,60.0401,68.0918,19.3999,37.8832,37.5652,131.4723,95.691,65.9587,225.1594,41.5207,97.1251,131.612,25.8417,125.6109,151.3431,116.9666,48.1121
2018-01-11,73.9936,161.2669,135.8856,422.6545,167.5981,114.6025,116.1087,60.6345,69.3165,19.7678,38.3773,38.0912,134.2328,95.937,66.7904,228.1499,42.7932,97.4836,133.3244,26.9986,126.8278,151.0971,117.9332,48.1022
2018-01-12,74.1805,161.6016,136.5301,430.0869,167.7756,114.583,116.7012,60.6637,68.1708,19.6385,39.316,37.6148,133.0313,95.8681,67.7102,229.2626,42.5974,97.4836,132.1663,27.1482,125.925,151.2644,117.7162,48.3099
2018-01-16,73.728,159.5834,135.8757,421.174,164.423,112.8401,115.1903,59.6601,68.1016,19.2109,39.5234,38.1011,132.7533,95.2581,67.2112,224.7223,39.847,94.5953,126.7023,25.6123,123.5305,150.1228,115.7731,47.8847
2018-01-17,74.5347,160.9223,136.2822,424.2245,166.2078,113.8041,113.0769,59.9135,68.4078,19.6584,38.98,38.7462,133.6371,95.3073,67.7787,225.5668,38.7214,93.4799,125.6629,25.4726,124.3941,154.0692,117.2526,47.9539
2018-01-18,74.7904,158.9927,137.1945,428.0202,164.5709,113.8138,116.9383,61.0145,67.9732,19.2905,38.7725,38.4981,134.213,95.2777,66.5654,225.1693,39.2303,89.8048,116.7146,26.1508,123.7562,152.6717,118.9786,48.1912
2018-01-19,74.7708,159.3668,138.5829,428.0599,165.4584,116.7641,116.9679,61.8719,67.8745,19.8473,38.9998,38.4286,134.0839,96.5569,67.6711,225.5071,39.5338,89.4961,114.8338,26.46,125.1792,152.7308,119.6789,48.5472
2018-01-22,74.938,158.1264,139.1679,424.4629,166.2472,115.8099,115.3285,61.8329,68.1412,19.8772,39.1875,37.4759,132.0681,96.2027,67.2992,225.2389,39.9742,89.4861,112.379,26.5897,124.8749,150.6345,119.0773,48.4186
2018-01-23,74.8986,156.758,136.6095,426.48,167.2332,115.3133,115.7927,61.6965,68.1313,19.4396,39.8396,38.111,133.9349,96.3896,66.9372,229.9183,40.4245,88.52,111.8543,27.228,124.1193,150.5853,118.1008,48.4483
2018-01-24,74.7708,158.3725,136.1632,426.6489,168.4264,115.8099,117.4617,62.0278,68.1609,19.4894,41.0747,38.5477,134.5407,97.0587,67.2699,230.7529,40.7573,89.3666,111.2604,27.1283,123.8445,150.4377,118.4165,48.3494
2018-01-25,75.4003,160.814,137.1648,421.959,171.5718,117.5625,118.7159,61.7745,67.4004,19.7081,40.2843,38.9149,137.5693,98.6724,67.6026,236.5947,39.5533,91.5975,115.7148,26.6196,123.2852,152.3962,119.3041,48.5274
2018-01-26,75.7643,163.1177,136.9962,420.9852,167.4797,118.2928,119.9602,63.0899,68.6844,19.4297,40.5609,37.8331,140.1213,100.6699,68.7572,238.4029,41.2369,91.6573,113.25,27.5471,124.5609,151.0577,119.3633,48.4285
2018-01-29,74.633,160.3021,136.3516,418.1136,164.3441,117.728,118.0838,63.4114,68.1905,19.5192,39.6025,37.3468,137.9466,99.6072,66.9372,235.3727,41.2075,91.0,110.5477,27.6269,123.6188,148.5087,117.0455,47.9539
2018-01-30,73.9051,158.2248,136.431,418.6799,165.9514,115.7222,116.879,62.554,65.9979,19.022,39.6223,37.2873,138.8503,98.4166,66.6926,234.3096,41.1096,91.1693,110.2409,27.1183,122.3824,147.5344,115.7238,47.6177
2018-01-31,74.3478,158.9829,136.5301,414.457,166.0204,116.6862,117.2543,61.2483,66.1361,19.3899,40.0274,37.9919,134.4513,97.5901,65.1955,226.6894,41.5403,90.9601,110.4586,27.228,123.2852,147.9183,121.0006,46.8169
2018-02-01,72.3017,157.3486,137.3334,409.5087,164.4624,114.4662,116.1581,60.0888,65.5633,19.3402,39.8792,38.0614,133.2895,96.8423,64.8531,222.626,40.6888,88.8587,108.0929,26.7991,121.2342,145.6449,118.7123,46.5104
2018-02-02,69.7342,152.6429,135.9153,400.5659,160.5676,109.218,114.1731,60.576,63.4496,17.8686,38.5057,37.1781,130.0821,97.6786,65.7924,215.88,39.0639,85.3728,104.4403,25.9713,120.8024,143.8143,116.0197,45.6996
2018-02-05,66.734,147.9863,130.9472,390.7289,154.1484,105.9075,110.5882,57.916,61.7705,17.5504,37.3497,36.2353,124.3228,95.5533,62.583,207.7432,37.3902,82.7535,104.0839,24.7146,114.9438,138.7263,112.252,43.9693
2018-02-06,70.7179,152.8988,130.6397,402.424,157.9841,110.8246,112.5436,58.0427,62.8175,18.6342,37.1817,36.6521,125.8917,97.4326,63.1603,209.0943,38.2124,84.6458,106.4497,25.0039,116.7397,140.1533,112.6761,43.7814
2018-02-07,69.449,147.6811,132.0082,400.9137,156.0022,107.368,112.7115,57.7309,62.1458,17.7592,36.5888,39.034,127.3415,97.3933,63.0331,217.4299,38.6431,83.6299,105.5489,25.1834,114.9438,140.4387,113.2087,43.8605
2018-02-08,67.0979,141.8333,126.693,385.1844,150.6677,103.0059,108.9291,54.6129,59.6371,17.0631,36.1738,38.1507,120.6189,92.07,59.6182,207.0676,36.6659,80.5425,104.1136,24.0664,109.8605,135.8132,109.2536,42.1401
2018-02-09,68.3472,147.1593,127.4466,396.3231,155.8839,104.1744,110.9733,55.7334,61.01,17.4708,36.322,37.585,124.1242,93.2803,60.9881,212.9889,36.8225,82.3452,106.6279,24.2858,111.6367,138.1751,109.9342,41.1909
2018-02-12,70.6687,151.363,129.0729,401.1223,157.4517,106.813,112.5633,56.396,62.6594,17.4708,36.4703,37.2476,126.269,95.9567,61.9079,211.3794,37.6251,84.8749,110.4586,25.1435,114.512,140.1631,114.0668,42.0412
2018-02-13,69.5965,151.4418,128.2598,403.1792,157.215,106.7546,113.1361,56.5422,63.2916,17.6995,36.579,37.4759,128.4636,96.3306,62.0644,216.9927,38.1732,81.5285,107.3505,25.1435,113.8644,140.793,115.28,41.2503
2018-02-14,70.1671,152.6625,128.716,403.0798,159.0195,109.0525,114.8742,56.8832,64.3879,19.0121,38.5354,37.8331,128.7118,98.1017,62.9157,214.3003,38.8192,84.9147,110.5873,25.6522,113.8251,142.5546,116.503,42.0314
2018-02-15,70.6786,153.3812,130.6695,398.5389,161.317,107.0759,115.1915,57.0976,64.7731,19.0121,38.9405,38.8256,132.5348,98.5052,63.9401,221.1456,40.3282,84.8948,113.448,25.7918,115.7289,141.7378,117.8937,42.4071
2018-02-16,70.7769,151.2252,130.3918,399.7412,161.3465,105.7517,115.1618,57.4288,67.6967,18.6243,38.6441,39.3219,125.6832,98.5248,65.3291,214.8468,39.8055,83.0124,111.102,25.3629,117.142,139.5825,117.1737,42.1797
2018-02-20,70.4523,151.2154,130.6199,394.147,160.6366,105.7323,114.4083,56.9721,66.7287,18.326,37.9326,38.9149,123.5979,98.6823,64.1371,212.7008,41.2454,83.2116,113.4183,26.6894,116.6415,140.1238,115.4772,41.5963
2018-02-21,69.8031,150.3687,128.8151,394.6041,158.5166,106.2191,114.6264,57.365,66.0275,18.6243,37.7054,38.8455,121.1849,99.4695,64.1568,210.9323,42.0443,81.7874,111.8642,27.3876,116.9948,139.1987,115.3194,41.7248
2018-02-22,70.7573,151.2843,128.3689,396.3429,160.3013,107.9133,114.8644,57.2766,66.1263,19.0518,37.1817,39.2524,121.5432,99.8827,64.3046,210.7436,42.3796,83.2017,112.5274,27.3776,116.5532,140.3993,116.6214,41.4678
2018-02-23,72.0656,153.204,129.7473,396.5222,161.9776,108.663,116.4506,58.4455,66.1164,19.4396,38.2291,39.431,121.1152,101.7818,65.1222,210.2071,43.5138,85.3728,117.546,28.6642,117.1322,143.5093,117.4992,42.1797
2018-02-26,72.8525,153.4107,130.8877,402.4969,163.1313,107.6017,116.52,59.4965,67.0448,19.4198,38.8516,39.7784,121.1749,102.5394,66.324,209.8097,42.0838,83.3112,108.9837,28.1156,119.4678,143.1254,118.4658,42.3181
2018-02-27,71.5474,151.6092,129.9952,397.7271,161.3268,106.7741,114.3191,59.0938,66.4621,18.9822,37.982,39.7089,118.3085,100.6699,65.664,204.862,41.1961,82.2555,110.4388,26.7493,117.9762,140.3206,117.2822,41.6655
2018-02-28,69.5105,147.4251,129.3605,399.8879,158.5462,105.372,111.4738,58.5339,64.5953,18.495,37.7449,39.7487,117.1739,99.4596,64.7774,202.6067,40.6734,78.1622,99.4118,26.2751,116.9752,139.0117,116.5326,41.8929
2018-03-01,67.9878,145.6235,127.6351,394.8393,158.5856,105.2844,110.1552,57.3257,66.6991,18.4353,37.656,39.301,116.517,98.8004,63.9992,202.7259,41.0778,78.3215,95.0366,26.315,116.3766,136.1871,114.3529,41.5257
2018-03-02,67.6615,147.1101,126.7922,388.5957,157.5404,105.363,109.3026,57.4337,67.0448,18.2166,37.4781,39.2015,117.1839,99.1349,64.4228,203.4228,41.2947,79.3274,94.0566,26.7043,115.1303,135.6557,113.5835,42.7862
2018-03-05,68.8777,150.3687,128.8647,391.4436,161.0014,106.7978,111.791,57.8954,67.0251,18.0873,37.8239,39.7288,117.1739,101.4669,65.0138,204.528,43.9478,80.403,95.4622,27.9322,114.7476,136.3741,113.2186,43.6099
2018-03-06,69.995,152.086,129.9158,399.3402,161.9086,107.8494,114.0811,56.6774,66.946,18.5944,38.3871,40.3556,118.846,104.1236,65.4079,207.7241,42.6065,82.0862,99.1247,27.6926,116.8476,137.4173,113.3968,44.0565
2018-03-07,69.382,153.5212,131.6909,406.0817,162.234,107.4956,114.0316,54.0252,68.6251,18.0177,37.3856,40.5347,118.5275,104.4582,65.2109,207.2461,41.3342,82.4547,99.0356,27.2334,115.7878,137.1123,114.6543,43.4809
2018-03-08,69.7874,156.2729,133.218,402.6462,164.7484,107.4858,114.4083,53.927,66.7979,17.7691,37.3459,40.8133,118.6171,104.2023,65.0631,206.1111,40.3282,81.9169,98.2734,27.2434,114.5022,136.7973,114.3672,43.471
2018-03-09,71.4188,158.4604,133.7833,419.3854,168.7123,110.3456,116.639,54.261,66.3337,18.326,37.3955,41.5993,120.6275,107.538,66.0679,208.2717,40.9298,83.2116,100.7283,28.2018,117.6229,138.7755,116.1792,44.3146
2018-03-12,70.5388,159.4701,135.6377,413.5003,168.4954,109.2253,115.4592,54.0056,66.8571,18.4552,37.6633,41.4401,120.4185,109.0632,66.0482,208.8093,41.3046,83.5403,101.9458,27.5728,117.8191,139.799,115.3772,44.265
2018-03-13,69.7775,158.7376,135.6872,412.0265,168.5447,108.439,115.0726,54.0252,66.6991,18.3757,37.9013,41.4103,121.0953,107.597,66.0088,209.4067,39.8252,83.4407,102.0844,27.5629,117.986,139.051,114.7732,44.4039
2018-03-14,68.2152,155.9364,135.1716,407.2966,166.6219,106.8764,114.0514,53.7797,65.1879,18.5547,37.8715,40.7337,119.8612,106.3113,65.2109,205.8323,39.7562,82.3551,99.6364,27.0537,116.9205,137.0827,113.7038,43.8779
2018-03-15,67.1177,154.0854,135.5583,408.5413,166.7205,105.6185,113.2979,53.4555,65.3657,18.3061,36.9988,40.7636,117.363,105.797,65.5162,204.5579,38.4543,80.7417,97.392,26.3449,116.0031,136.8269,113.0304,43.7191
2018-03-16,67.1968,152.7492,136.9268,407.3065,167.1938,105.3335,113.9424,53.6029,65.7707,18.2564,37.0782,40.3954,116.5668,106.608,65.3783,206.3003,37.8034,81.9567,97.69,26.0554,116.9107,136.5414,110.5352,43.7687
2018-03-19,65.8125,148.0574,135.7432,403.6221,164.354,104.9305,112.247,52.2768,64.5262,17.9481,37.1575,40.0273,114.3573,105.3618,63.8515,203.612,37.1722,80.9907,96.2401,25.5463,115.0856,135.6557,109.7331,43.471
2018-03-20,65.6444,148.6909,135.8924,404.1997,163.3482,105.6185,112.8716,52.2571,63.4101,18.3856,36.9889,39.689,113.6009,104.9167,63.6151,203.3233,37.4286,79.666,94.6611,24.9873,114.9377,133.4709,109.6737,43.3717
2018-03-21,66.6727,150.1657,135.6835,403.5225,163.9201,109.2941,112.9708,52.5813,64.5459,19.0717,37.9013,39.6194,114.2677,106.2915,63.8712,205.8423,38.1289,80.0246,96.7962,25.2169,116.0623,133.9236,109.0598,42.5877
2018-03-22,64.8831,144.603,133.3959,391.4436,158.9406,104.7635,110.3535,50.4989,60.3384,17.9481,37.2963,38.9428,113.0634,102.8299,61.8026,200.8341,36.7579,77.0467,93.4594,24.6379,111.4553,131.1384,104.8812,41.486
2018-03-23,62.3518,141.099,131.536,386.7834,155.8346,102.7488,108.5392,49.2612,58.7087,17.4211,38.4367,38.5747,115.054,101.6727,60.128,204.7869,36.4128,75.2042,92.5954,24.2186,107.7263,131.178,102.0492,40.8111
2018-03-26,63.7559,144.6228,134.0126,393.2659,158.6941,103.2795,110.9681,51.4419,59.8544,17.6498,39.5573,39.1119,116.1488,104.1354,62.8763,208.3812,36.8368,75.6723,93.7077,24.6079,112.797,134.3536,104.7227,41.7837
2018-03-27,62.9253,142.6431,134.2513,389.0737,156.4163,102.3459,110.9483,51.2061,59.4889,17.1427,38.7045,38.9925,114.1881,103.8486,62.5019,204.538,36.9848,74.9751,92.7841,24.1587,110.8042,133.948,103.4256,41.8532
2018-03-28,61.7091,140.713,134.5795,383.6267,155.9726,101.3729,109.025,51.4517,58.9621,16.6554,38.0698,38.9925,110.7743,103.0376,62.2163,200.9138,35.9887,72.9739,88.9409,23.5298,109.6796,133.6116,103.0295,41.9028
2018-03-29,62.9945,142.8312,136.33,390.4678,157.9088,103.8593,110.641,52.4831,60.7214,17.4708,38.7442,39.5099,113.6307,104.4222,63.2112,206.3998,37.2116,76.4274,92.0989,24.2385,111.1791,135.4418,105.2079,42.4686
2018-04-02,61.3433,140.6536,133.2467,380.2709,155.4463,101.9233,107.3297,50.2238,59.4889,17.0432,38.9425,38.694,111.7098,101.5639,61.0244,200.4956,36.1169,74.8504,88.345,23.6296,108.4465,132.6619,102.8513,41.486
2018-04-03,62.6089,142.1779,136.1609,391.364,158.1571,102.3459,109.2332,51.5794,60.4233,17.2819,38.5062,39.4602,112.1776,101.831,62.2261,200.4558,36.4719,76.098,89.7949,23.8891,110.3899,133.8886,103.5345,41.9624
2018-04-04,62.9747,143.5438,138.1203,394.7895,160.987,100.9601,109.8379,52.2277,60.7612,17.2421,38.6648,39.888,113.8696,102.5134,62.9058,203.4925,36.6001,76.0382,90.9668,24.0589,110.8042,135.5506,105.1683,42.5777
2018-04-05,64.7051,145.2166,140.4874,395.148,162.953,103.0436,110.7104,52.4831,62.7193,18.0078,38.9425,40.077,116.4374,104.1651,63.487,207.1466,38.05,79.3919,95.1079,25.147,111.6329,136.7971,105.0297,43.0541
2018-04-06,62.9945,141.7226,139.0254,384.0848,158.8323,99.0536,108.45,51.2454,60.3239,17.2322,38.9623,39.0622,113.0236,101.7222,61.7139,201.3419,36.324,77.9845,91.1654,24.1787,108.6536,133.8787,102.1878,42.0517
2018-04-09,62.9747,142.4847,139.4928,387.4804,159.1004,97.717,108.6681,51.0686,60.1748,17.3316,38.2582,39.102,112.3767,101.5639,62.0587,198.7432,36.6495,77.8448,90.5894,24.4482,109.5415,134.4129,102.881,42.5579
2018-04-10,65.15,145.1968,140.8753,386.5344,162.0395,100.5769,109.4116,51.5794,61.785,18.0973,39.1408,39.9377,115.5516,105.0948,63.5954,204.309,36.7579,79.1024,91.6917,24.9873,112.2642,135.5605,105.3069,43.2328
2018-04-11,64.0031,143.1281,139.8907,386.9925,160.4707,100.4491,108.3409,51.5106,60.6121,17.8785,40.3011,40.0472,114.4568,103.987,63.29,201.9393,36.896,78.284,92.6649,24.3583,111.1594,134.9966,104.2573,43.1732
2018-04-12,65.7235,145.4245,140.6167,385.0208,161.8906,101.9134,109.0944,51.658,61.5464,17.8087,40.0631,40.3059,114.3473,105.0453,63.8712,201.541,37.6752,79.851,92.7444,24.7776,111.84,135.8671,104.4554,43.3618
2018-04-13,65.4269,145.0385,140.4178,383.806,161.8211,101.2648,109.0547,52.2768,61.2582,17.8187,41.2531,40.4352,112.2771,104.2838,64.0288,195.2684,37.902,80.1804,94.8398,24.7976,112.0078,136.2035,103.7721,43.5702
2018-04-16,66.2575,149.6609,146.1666,386.2755,164.2637,102.739,110.8095,52.7974,62.0832,18.1078,41.0746,40.5546,114.198,106.1234,64.3834,198.1757,37.9217,80.4699,96.2003,25.157,112.3826,138.9537,104.9406,44.4436
2018-04-17,66.7914,153.3431,147.2706,396.7412,166.9546,104.2131,112.1083,52.5715,63.7431,18.2474,41.0349,41.2013,117.2137,106.964,65.1123,200.9735,38.5431,81.6776,95.962,25.5463,114.3458,140.5563,106.6239,44.92
2018-04-18,67.2957,151.6901,149.0311,399.1909,167.183,106.9944,112.2173,53.1117,65.0253,19.1249,40.7473,41.0422,117.8208,107.1816,65.3685,202.6562,39.4702,82.5859,98.1071,25.9955,114.6121,141.506,107.1388,44.7017
2018-04-19,65.7828,150.0173,148.1757,394.5206,165.6241,105.7462,108.6978,52.6402,64.7371,19.5138,41.5902,40.7138,114.7852,106.2915,65.6147,197.3095,39.0954,81.9671,97.9084,25.8059,114.622,140.1111,106.6338,44.0168
2018-04-20,65.2983,149.1462,147.748,390.7366,165.0978,105.8249,107.9344,52.4634,63.1666,19.3044,41.0051,40.4651,113.2127,106.1629,65.2798,195.8658,38.188,82.1567,97.0743,25.6362,114.5628,140.0815,106.0694,43.6893
2018-04-23,64.8633,148.8295,148.3448,386.0764,164.9389,106.4538,107.9443,52.7581,62.5006,18.756,40.7176,40.286,113.2625,106.0343,65.3783,196.0749,38.4642,82.2466,96.6671,25.8458,115.7269,139.4978,105.9605,43.7787
2018-04-24,62.4705,145.2859,145.4604,367.5249,162.8438,104.1148,104.8611,51.8249,61.8844,16.0338,40.7076,39.9576,110.834,104.1453,63.7333,192.4606,38.405,80.5298,95.1179,26.0455,112.4615,136.8465,104.3663,43.3221
2018-04-25,62.9253,148.2257,144.3863,371.1495,164.4027,103.5743,106.9529,52.5322,62.7988,15.3259,40.1821,40.0173,111.5904,103.9969,64.1273,195.3879,39.0658,80.41,94.8001,26.9539,116.3188,138.7459,105.6238,43.6
2018-04-26,63.3208,154.4022,145.3908,369.7056,165.1177,104.6554,106.7745,51.4517,62.7591,15.5851,40.43,40.2263,110.3961,104.7387,63.3885,195.0095,39.2729,81.0987,95.8825,27.1236,115.6184,140.5266,105.1683,44.1459
2018-04-27,63.5977,151.6703,145.918,373.5593,163.8566,104.8323,107.0422,51.6481,61.6558,15.276,40.3209,40.3457,111.8691,103.453,59.8817,195.4775,38.9869,81.0787,96.2798,27.1036,114.7305,141.2785,103.8216,44.3047
2018-04-30,62.5298,150.9675,143.9884,366.1108,161.1459,103.9085,104.9701,50.6462,61.2482,15.1663,38.9623,39.888,111.1624,100.9606,58.276,193.9242,38.2669,79.5815,96.2897,26.904,114.1287,139.7451,103.782,43.5206
2018-05-01,62.3518,151.7396,146.3357,372.2449,161.3444,102.0019,106.0012,50.2042,59.9958,14.9071,38.8929,39.0622,111.2421,101.0199,58.9262,194.2827,38.1387,79.6614,96.9452,26.8042,114.7601,140.5365,104.4356,43.9771
2018-05-02,62.777,149.7005,143.4613,369.5662,160.5501,102.9453,104.8016,49.2907,60.622,15.0666,38.8632,38.306,113.1231,101.5145,57.685,196.035,38.5332,80.2004,97.1636,27.0937,110.5773,138.5976,103.1285,43.3817
2018-05-03,62.7572,151.2842,143.4016,368.6899,159.299,102.1591,104.058,50.2631,60.8507,15.1663,39.478,37.7289,121.6228,101.7419,57.9728,201.5311,37.7442,83.5741,97.2133,26.9639,112.1459,138.5778,103.1978,43.5802
2018-05-04,63.746,152.9966,144.6051,375.9393,161.6125,102.9847,105.4857,51.265,62.5603,15.3757,39.3193,38.3458,122.1204,103.6508,58.9552,203.1142,37.9809,87.2672,99.3683,27.3832,112.6095,140.6256,104.693,44.1161
2018-05-07,64.1909,153.6796,145.0029,377.0545,162.2977,102.7979,105.2973,50.9704,62.4609,15.2162,39.5375,38.0274,122.847,103.9178,59.5407,203.7215,37.2116,87.6565,99.4179,27.5129,112.5602,125.5292,104.6138,43.7886
2018-05-08,63.5087,152.4324,144.7045,376.3475,162.3573,102.739,105.7632,50.7936,62.2422,15.2561,39.6466,37.8782,126.1314,104.3728,59.6499,212.5331,37.2708,87.2273,100.0237,26.0554,112.2248,125.1335,104.4653,43.7588
2018-05-09,65.2885,153.9271,146.1865,379.2054,163.7275,108.0066,106.5796,51.265,62.3317,15.635,39.6267,38.3956,126.4598,106.2717,60.017,211.6868,38.2176,86.2192,101.0466,25.756,113.892,128.9917,105.1683,43.729
2018-05-10,66.1981,155.4514,146.8628,378.8469,164.4226,110.4832,105.6438,51.9035,63.4648,16.1734,40.0829,38.6144,125.0963,106.519,60.0865,209.805,38.8685,87.2672,97.7098,26.335,114.6417,126.0733,106.6635,43.9672
2018-05-11,66.1783,156.0255,146.3556,379.4842,165.1177,110.6306,99.9887,52.6992,62.7392,16.2233,40.0532,38.3558,126.7684,105.5596,60.5628,214.5144,38.9573,88.7345,97.8588,26.5147,115.0462,126.2514,106.614,44.0367
2018-05-14,66.7716,156.8371,145.5002,382.9595,165.5843,110.0508,102.5175,53.2492,62.3814,16.1535,40.0532,38.1667,126.2409,105.5398,60.7414,212.543,40.2195,89.6228,98.554,27.1236,115.1448,124.9455,107.1289,43.5901
2018-05-15,66.3959,156.9658,145.4207,378.0503,164.9091,110.2375,102.5773,52.8563,62.6199,15.9142,39.1805,37.5498,126.7385,106.3212,60.3941,216.1971,41.4816,89.8324,100.1131,27.5229,113.379,122.6207,105.297,43.1137
2018-05-16,67.266,157.3815,146.9126,379.5141,165.3659,113.3234,103.0452,54.0547,64.588,16.5922,39.359,37.9578,127.6144,107.3893,61.4162,217.3222,40.299,91.5991,101.6425,27.6827,117.4335,122.7296,106.8318,43.342
2018-05-17,67.3945,158.2328,146.276,379.4844,165.5943,114.1883,103.9512,54.0842,65.3633,16.7318,39.0317,37.7986,125.4447,107.2904,61.8032,212.5829,40.8456,92.228,104.0755,27.9722,118.7061,123.7287,107.1289,43.2427
2018-05-18,66.8112,157.916,147.0319,386.81,167.0539,114.2177,104.4888,53.986,65.1446,16.8215,38.8334,37.7687,128.5897,107.7553,61.6147,218.3577,41.094,91.3396,104.1947,27.8623,119.5447,125.0049,108.03,44.0565
2018-05-21,67.8593,158.8366,147.201,390.0237,168.2454,115.5052,104.5685,54.261,64.7868,16.6421,39.0417,37.8284,128.9281,107.4981,60.9201,216.8742,41.8095,91.1599,103.3506,28.2317,120.6495,123.6892,109.5747,44.2054
2018-05-22,66.7123,157.5894,145.719,375.2327,166.5276,114.1686,102.3881,54.703,64.6576,17.1207,38.4665,38.1667,127.5945,107.2509,60.8903,215.1915,41.6008,90.9204,101.6325,27.9023,121.1428,123.6298,109.1291,44.5726
2018-05-23,66.2871,157.0549,144.8438,383.746,165.8127,113.6674,102.2587,54.2708,63.8326,17.3002,39.2598,38.1568,128.961,106.6673,60.3048,218.3776,41.0046,90.3315,101.136,28.0021,120.7778,123.8079,107.2873,45.1284
2018-05-24,65.6345,155.8968,144.6847,385.7221,164.9191,115.004,102.0496,54.0974,64.2202,17.3301,39.6367,38.1568,127.5845,106.0937,60.1956,217.4616,41.1536,88.1655,94.3631,27.8124,120.2253,123.6199,107.9111,45.2773
2018-05-25,64.9721,155.4712,143.9288,391.4808,163.8367,111.8001,102.9457,53.6317,63.5841,17.0309,39.1111,38.1767,127.0159,105.0948,59.501,216.7547,41.4021,89.503,94.1645,27.9821,118.2523,124.0453,107.416,45.4262
2018-05-29,63.2219,151.7495,140.9847,387.2092,160.6593,109.5299,100.596,52.4527,62.3416,16.6022,38.6053,37.4006,126.8962,103.0771,58.5781,218.7759,40.9151,87.1674,92.3869,27.7825,116.6443,122.779,105.1386,44.2054
2018-05-30,64.4454,154.8971,143.2524,384.4945,161.8806,111.9181,100.9843,53.3939,63.7133,17.0708,38.8632,37.4802,127.4548,103.6013,59.3025,219.8213,41.2828,88.2055,92.943,27.9921,116.8219,123.4715,105.8416,44.4635
2018-05-31,63.769,154.6694,141.8401,378.5063,160.2721,110.1884,100.4766,53.0075,63.8027,16.8515,38.6053,36.8617,127.4149,103.1661,58.4293,222.3454,40.8853,86.9278,92.8238,27.4431,115.9143,120.8203,103.9999,43.3877
2018-06-01,65.818,156.1938,142.8247,385.2431,162.387,111.1711,101.5618,54.7315,65.403,17.0708,38.3177,36.6721,128.9909,104.62,59.6598,224.62,40.2195,88.1056,93.6084,27.6128,118.42,122.69,105.297,43.7861
2018-06-04,66.7729,155.9265,143.4812,386.0914,162.3771,111.4365,101.9799,56.7428,65.2341,17.1606,37.931,36.722,129.1804,104.9068,60.2155,226.8048,40.3188,87.357,93.7871,27.4131,118.7752,123.2044,105.3366,43.9754
2018-06-05,67.5289,157.8864,143.8293,389.6644,163.7077,113.4512,102.0496,56.6636,65.8801,17.5993,38.2285,36.5624,128.4822,105.2036,60.3048,226.1863,41.0841,88.1056,93.9957,27.8224,119.4657,123.0956,106.6302,43.7563
2018-06-06,69.6675,161.4533,145.7887,394.7943,166.5475,116.0064,103.4733,58.447,66.8642,18.1477,38.4773,36.6422,129.8986,108.7641,60.4437,227.0443,42.2965,90.7108,95.0086,29.0564,121.3697,124.2531,105.9834,43.2383
2018-06-07,69.0508,158.9659,145.0825,394.3052,166.5376,116.4978,102.637,58.0705,66.0093,17.8785,38.3977,37.2408,130.2177,107.1124,60.0964,229.0096,42.6245,88.6247,94.5617,29.2762,121.35,124.8664,105.7745,43.1686
2018-06-08,69.1204,159.0256,145.4008,397.2694,167.322,117.0429,103.6924,58.2687,66.4467,17.9782,38.1987,37.5101,129.709,107.874,60.4934,229.0196,42.9127,88.475,94.7107,29.4361,120.9849,125.0544,107.4959,43.6268
2018-06-11,69.1204,159.7619,144.5156,397.7385,167.2525,116.4879,103.4733,58.4668,66.6753,18.1378,38.3878,37.7196,129.9285,108.2003,60.9697,229.1693,42.8034,88.7245,94.7107,29.4161,122.1096,124.2135,107.1775,44.0551
2018-06-12,69.4088,160.528,144.2669,401.6508,166.8156,116.6266,103.0751,58.12,66.6654,17.8087,38.6067,37.7296,130.6367,108.2696,61.3468,229.7479,43.2804,89.7027,95.0781,29.4461,121.9419,123.0956,106.879,44.1248
2018-06-13,68.2053,159.6624,143.9288,395.3732,164.9191,114.5056,102.8461,56.6735,66.3672,17.7588,38.5171,37.0213,130.8761,107.2706,60.0369,229.4187,44.0357,89.7526,93.5289,29.6559,119.1106,122.2052,106.0332,43.5172
2018-06-14,68.0163,160.7369,144.615,400.4132,164.5517,113.1378,103.5032,56.3168,68.1166,17.5295,38.975,36.7919,131.5244,107.3004,60.0369,229.6581,44.6419,90.1319,93.3446,29.4561,119.9348,123.1747,105.7446,43.8957
2018-06-15,67.3896,159.4534,145.7787,401.3215,163.0225,114.2975,104.917,54.9198,66.4467,16.8415,38.2186,36.5624,131.7538,108.2847,59.3522,228.7203,44.304,89.7027,93.0157,28.9565,118.197,124.8565,105.4162,44.822
2018-06-18,67.4294,157.6724,144.5519,397.5589,162.1885,113.6929,104.5386,55.3458,66.3473,16.7518,38.2484,36.6522,132.2127,107.201,58.9453,230.137,45.6655,88.455,92.5572,29.2263,118.2367,124.2036,104.6102,44.5631
2018-06-19,66.007,154.5283,144.2128,396.8303,158.4252,110.2635,103.6725,54.2758,65.075,16.2133,38.1688,35.884,130.8262,103.5823,58.0423,227.0443,44.9202,86.0395,91.0922,28.287,115.9032,123.9662,101.5654,43.8758
2018-06-20,65.5395,154.2398,143.2752,397.1197,156.4691,109.0246,104.678,53.6714,65.4825,16.2532,37.7707,35.6346,132.9009,102.4191,58.0125,228.0419,44.304,86.6084,91.3015,27.7675,116.0025,124.1739,101.0479,44.324
2018-06-21,64.9328,155.0855,141.1907,394.6047,155.3669,107.0622,103.8417,52.3833,64.4786,16.313,36.8451,35.1957,129.5295,100.3612,57.0003,224.1112,44.632,86.4288,91.6602,28.357,113.3412,123.333,99.7245,43.2881
2018-06-22,66.6436,157.3441,138.5077,395.3532,156.9655,110.0356,104.9568,52.5121,65.8006,16.3928,37.283,35.8242,131.2352,101.4945,57.5262,226.8946,45.0195,88.7744,93.1452,28.8566,114.4733,123.9498,99.7544,43.3778
2018-06-25,65.6291,154.0209,138.0589,394.1755,154.6619,106.6657,104.6481,52.5518,63.0771,15.6948,36.8152,35.8342,128.1031,99.7249,57.7842,224.4304,43.7177,88.2354,91.6503,28.1072,114.1158,122.9948,101.4161,43.1786
2018-06-26,65.9573,153.414,138.0589,400.0041,154.7612,107.3397,105.365,52.7103,63.7332,16.2033,36.9944,35.6546,127.4349,99.6454,57.8239,221.8366,43.827,88.1855,92.2084,28.0273,113.8179,122.5571,101.0977,43.0192
2018-06-27,65.261,154.7572,137.9691,397.7385,154.0661,108.0731,104.6481,52.3833,62.61,16.8515,36.8053,35.1757,128.0034,98.5518,57.0698,219.2527,43.5487,88.455,93.0954,28.0472,111.9908,122.4776,99.824,42.4315
2018-06-28,65.7981,155.8914,139.7145,404.0761,154.93,108.3804,105.2555,51.9573,62.7,16.7418,36.8252,35.1658,126.7267,99.1184,56.6034,220.5596,44.0158,88.31,93.3246,28.287,111.2957,123.0545,100.1424,42.2622
2018-06-29,65.5694,157.354,139.9639,406.7708,155.73,108.876,103.2742,51.6006,62.5,17.2104,37.5318,35.465,128.7315,99.3769,56.5835,222.8043,44.1251,89.21,94.0123,28.0273,111.0077,123.3132,101.5952,42.2821
2018-07-02,65.4202,157.4834,139.8741,405.9623,155.49,106.5964,102.2288,51.2043,62.85,17.1107,37.3726,35.6745,126.8962,98.8699,56.4942,221.8765,43.1313,87.99,93.1652,27.7675,111.5836,122.9153,100.0529,42.2223
2018-07-03,64.8035,156.3889,139.6048,406.132,155.0,105.8134,101.5518,51.1349,61.68,17.021,37.4622,36.0237,128.1929,97.9553,56.1568,224.7996,43.986,89.16,96.2946,27.5976,112.0305,122.3084,99.7146,42.2821
2018-07-05,65.7186,161.0653,140.3728,409.0563,155.79,106.8739,102.3583,51.7096,63.0,16.9213,38.2484,36.3629,129.1006,98.8699,56.2759,225.468,42.7835,88.91,94.4608,27.7775,111.9312,123.8504,100.0031,42.3718
2018-07-06,65.5793,163.2144,141.3901,412.769,156.64,107.6073,102.5474,51.878,63.34,17.4597,37.6513,36.7819,130.108,99.1582,56.4843,226.9645,42.6145,89.78,95.2182,28.0972,112.4873,124.5567,100.5703,42.561
2018-07-09,66.395,163.9805,141.6794,414.3559,157.89,109.5499,103.4634,52.5617,64.17,18.058,37.6114,36.9714,128.9709,100.2419,57.2484,226.8747,43.3301,90.19,95.6567,28.337,113.5597,125.0739,101.8141,42.6606
2018-07-10,67.4493,165.6322,142.5371,418.0586,159.66,109.2129,104.3395,52.9778,64.73,18.058,37.7309,37.56,127.0259,101.2659,57.6652,225.468,43.3698,91.01,95.4873,28.9065,113.5398,128.2672,102.2022,42.7204
2018-07-11,65.9474,163.2343,141.5697,414.4656,157.41,105.7341,103.2941,52.3833,63.92,17.36,36.8948,37.6698,126.8364,98.5717,56.8614,225.6975,42.2965,88.58,94.3611,27.9773,113.1824,127.1033,101.227,42.6008
2018-07-12,65.8976,165.0551,142.2878,413.268,157.92,105.7737,103.3837,52.8292,63.87,17.29,36.9546,37.7795,126.966,98.6114,57.4469,225.1587,42.853,88.99,95.0289,28.2271,114.0066,127.4913,101.7345,42.312
2018-07-13,66.007,165.9605,142.7865,417.5695,157.33,106.4279,103.5331,52.6608,64.12,16.8,36.6659,37.5301,125.8389,98.8997,57.0003,226.2861,42.0481,88.34,95.2481,28.1272,114.0264,127.5907,103.1475,42.6008
2018-07-16,65.3704,166.1993,142.2479,416.0326,155.55,105.2781,101.9202,51.9771,64.01,16.77,36.3275,37.3206,122.5972,98.0348,56.6034,224.3905,41.9785,86.72,94.6402,27.9573,113.4902,126.7153,102.4908,42.322
2018-07-17,66.7033,166.0202,143.345,423.5278,156.2,107.1514,104.9468,52.631,64.62,16.77,36.7655,38.1586,123.3353,100.0729,56.8514,224.8195,42.4655,87.75,96.6434,28.4369,113.8675,128.3169,103.9635,42.561
2018-07-18,66.2358,164.1994,143.6243,425.6936,155.94,107.647,106.2809,52.5617,65.61,17.08,37.0043,37.989,124.1133,100.8085,57.1988,225.2585,42.6145,87.0,96.4142,28.4169,114.4137,127.5609,104.0232,42.7503
2018-07-19,65.7882,164.4282,141.5298,428.2386,154.4,107.5974,105.9225,52.8193,64.67,15.8,36.8351,38.1785,124.6121,100.1325,57.3476,225.3383,42.535,86.61,95.886,28.1771,115.4762,129.2222,103.4659,42.8399
2018-07-20,65.4699,164.7466,140.5424,425.2844,154.35,106.973,104.5386,52.3536,66.25,15.75,36.8451,37.5002,123.5647,99.4068,57.0598,223.6922,42.7735,86.65,93.5837,28.297,114.8903,128.2672,103.4361,42.4415
2018-07-23,65.3505,161.0852,139.9739,420.7433,153.87,106.6261,103.9512,52.205,66.72,15.83,36.3972,37.7895,123.3253,98.8699,56.7423,223.1535,43.0021,85.88,90.6138,28.357,115.0194,126.5462,102.451,42.0032
2018-07-24,66.5641,162.5179,140.2431,428.9372,155.29,107.4091,105.584,52.5617,67.82,16.07,36.9546,38.0389,122.268,99.6354,57.0201,223.6722,43.2605,86.39,90.5938,28.9965,115.5854,127.7996,113.8046,42.0929
2018-07-25,67.1708,164.9755,141.2306,436.4325,157.3,108.4498,108.7998,52.5518,67.98,15.86,37.293,38.0289,120.1933,101.1167,56.7919,222.4252,44.0257,87.58,91.4809,29.3262,115.5259,128.4661,111.7647,41.9435
2018-07-26,67.887,165.6123,142.3277,448.1495,161.55,109.9662,110.1738,51.561,67.56,15.97,37.6313,38.4579,116.4928,101.7729,55.9583,206.3631,44.9897,88.48,92.7466,29.8458,110.2431,130.585,112.5707,42.6307
2018-07-27,68.0063,165.5924,140.5823,442.8998,161.24,108.5192,108.9591,51.5412,67.61,15.99,36.7157,38.6773,118.0787,100.3015,55.6904,205.2158,44.2245,88.68,92.9459,29.7558,108.5848,130.5353,111.904,43.6567
2018-07-30,67.688,164.5078,140.3728,439.4166,161.23,108.1425,109.2578,52.2644,67.21,16.08,36.5565,38.4878,116.9317,100.7887,56.8514,201.2252,43.6779,89.15,92.1087,29.6659,110.3523,129.6698,112.0334,43.7463
2018-07-31,68.4042,166.657,140.3329,439.8657,164.17,109.8076,110.1738,53.2354,66.93,16.5,36.5067,38.8769,111.715,103.0156,57.5362,198.9506,44.145,89.88,93.8827,30.0856,112.1099,132.0673,114.113,43.8957
2018-08-01,67.5985,164.6471,144.3225,437.3906,162.04,109.1337,109.2478,51.9474,65.69,15.58,36.2678,39.236,113.1313,101.2857,56.6827,201.1753,43.8568,88.27,90.7035,29.5061,111.1169,131.6892,112.8493,43.4475
2018-08-02,66.0866,163.095,145.9582,437.5104,159.99,107.5082,108.8396,51.5511,64.54,15.43,36.0588,40.4331,114.3782,99.4465,54.9858,204.278,49.1935,86.54,91.7101,30.0656,110.0147,131.4803,111.8144,42.7602
2018-08-03,66.4646,164.21,146.7362,442.0115,159.96,111.1556,110.4625,52.0663,64.47,15.71,36.2877,41.321,114.2086,101.3951,55.3927,206.4728,48.7662,87.79,92.2981,30.4253,110.6105,133.4997,112.5906,43.2184
2018-08-06,67.3996,157.96,147.7834,443.5585,160.96,112.0079,109.8353,52.4131,64.01,15.4,36.0389,41.3509,114.4979,101.1863,55.8591,206.812,48.796,88.09,92.3479,30.0756,110.1339,133.4003,113.0284,43.0192
2018-08-07,67.7776,157.03,148.5714,443.2191,160.92,112.3945,109.4768,53.1066,64.54,15.36,35.8996,41.6402,115.5252,101.1167,56.2858,208.0491,48.4084,87.0,92.4974,31.6743,111.4148,133.5296,111.7348,40.8378
2018-08-08,67.3001,157.05,148.0328,442.79,160.65,112.0674,108.77,52.4626,64.44,15.39,35.9891,41.3609,113.67,100.8582,55.74,204.9564,48.2693,89.12,98.4373,31.5144,109.9551,133.5594,110.8194,41.1267
2018-08-09,68.6529,157.15,147.4543,443.1792,160.48,112.3747,109.21,52.6707,63.41,15.31,35.5413,41.1514,112.6226,101.1466,55.56,203.0409,49.442,90.24,100.4206,32.034,110.7793,133.7484,110.889,41.296
2018-08-10,67.3797,154.79,146.4768,442.1213,157.87,111.5718,107.46,51.6402,63.45,15.11,35.4318,40.2236,110.2288,99.2875,55.0,199.6589,48.965,87.76,98.1683,31.4645,109.7863,131.7191,109.6154,39.6027
2018-08-13,66.2358,154.32,145.5892,434.2967,162.44,110.5906,106.08,51.125,63.16,14.92,34.4863,39.5552,110.0592,98.2833,54.71,200.5268,48.16,85.83,95.3079,30.3154,109.2898,130.5651,107.9636,39.4733
2018-08-14,67.2006,155.34,146.6564,435.4843,164.33,112.1863,106.85,51.82,63.56,14.8,33.7796,39.6051,111.0766,98.4623,55.9,202.2727,48.0,85.63,97.0022,30.6152,110.6403,130.6149,107.2869,39.7123
2018-08-15,66.1065,154.63,145.6889,437.7599,164.21,109.7779,107.03,51.0,61.11,13.66,31.6497,40.0141,109.5405,96.1658,54.96,202.5521,47.09,83.79,95.2182,29.626,107.7209,130.4756,106.471,39.5629
2018-08-16,66.7232,154.53,146.3073,442.35,164.72,110.9573,107.9,51.61,61.76,13.77,31.4507,40.2037,109.5505,96.7424,55.12,202.0333,47.29,84.52,96.7331,29.606,109.4685,130.9332,106.7795,38.8956
2018-08-17,67.4294,156.04,146.9257,443.39,166.61,112.0971,108.42,51.97,62.38,13.97,31.9085,40.5628,110.0592,97.1202,55.32,202.5221,47.52,84.44,95.1186,29.606,110.829,131.4704,106.4212,38.796
2018-08-20,68.1158,158.29,147.9031,444.06,166.99,112.9793,109.73,52.0,62.55,14.12,31.7393,40.8222,109.7599,97.5675,55.6,202.4822,48.81,85.11,95.2182,29.7359,111.4744,133.0024,107.4362,38.6764
2018-08-21,68.4639,158.32,147.6837,444.8,166.1,113.9208,111.08,52.37,63.8,14.32,31.799,40.9718,111.77,98.6114,55.5,203.7393,48.22,85.59,94.5206,29.4961,111.4347,132.4055,106.6999,39.2243
2018-08-22,68.3943,155.02,146.806,439.08,164.36,113.7523,110.6,51.66,63.79,14.53,32.1673,40.5628,112.44,97.8061,54.84,205.3455,48.66,85.43,94.2116,29.4561,109.965,130.9133,105.864,39.1645
2018-08-23,67.7477,154.9,146.7761,439.82,164.42,113.0189,109.77,51.21,62.02,14.18,31.5104,40.5828,111.1,97.15,54.82,202.8913,49.46,84.58,93.4542,29.4061,109.3394,130.1473,104.8491,38.7561
2018-08-24,68.8419,156.21,148.5414,447.39,165.97,114.0992,110.62,51.83,62.52,14.47,31.8787,40.9918,111.61,98.4126,55.4,205.2856,49.95,85.54,95.6767,29.616,109.8657,131.0227,105.267,38.8059
2018-08-27,70.4334,158.05,149.4291,455.04,167.29,114.9219,111.13,52.52,63.71,14.73,32.0976,41.75,113.58,99.2875,56.09,207.7897,50.63,86.36,96.5637,30.5952,111.8716,130.5452,106.0332,39.6924
2018-08-28,70.3637,158.35,149.11,452.62,167.01,113.9506,109.87,52.2,63.83,14.66,31.6896,41.5704,112.19,98.3032,55.71,205.3654,50.71,86.37,96.6135,30.815,110.7892,129.7196,105.8939,39.9215
2018-08-29,71.06,159.5,150.4764,456.43,168.29,113.9605,111.66,52.44,64.09,14.67,31.59,41.74,113.38,98.1541,55.94,206.4529,51.64,86.59,96.3942,31.5644,111.9808,129.5903,105.9735,40.5789
2018-08-30,70.2,157.89,149.7283,456.22,166.73,112.6423,110.66,51.73,62.79,14.15,30.9033,41.74,112.15,97.1301,55.53,203.3901,51.53,85.06,94.7299,31.3046,110.5906,129.2023,104.6898,40.1207
2018-08-31,70.13,158.19,150.0874,455.58,166.29,111.78,110.54,51.14,62.5,14.05,30.8834,41.88,110.8,96.464,55.08,198.72,51.95,85.45,95.1983,31.2446,109.1508,129.6101,104.66,39.9514
2018-09-04,69.72,156.18,150.247,459.35,164.34,111.01,109.88,50.95,62.21,13.48,29.9478,41.42,110.68,96.0564,54.14,198.71,51.85,83.02,96.2448,30.805,108.4855,128.9138,103.98,39.3637
2018-09-05,70.05,156.14,152.0722,461.66,165.39,111.67,110.6,51.43,63.63,13.67,29.9876,41.95,110.0,97.2295,55.18,199.6,51.24,83.48,96.1252,30.51,110.968,127.0536,105.28,40.3
2018-09-06,70.08,156.67,152.8003,462.39,166.06,112.24,112.0,51.83,63.31,13.57,30.0971,42.14,110.22,96.8816,54.88,198.3,50.95,82.94,97.3311,30.28,110.7793,129.2023,105.13,40.5
2018-09-07,70.0,155.03,152.9499,462.52,164.85,108.63,111.51,51.71,63.24,13.18,29.9876,42.42,110.82,96.5336,54.98,196.26,50.93,82.17,96.8627,29.94,111.1269,126.397,105.38,40.25
2018-09-10,70.06,155.87,153.4386,467.01,166.06,106.88,112.09,51.9,62.44,13.2,29.5995,43.18,107.2,96.3547,55.58,190.54,51.47,82.1,97.062,30.3,112.4078,127.9787,105.87,40.58
2018-09-11,70.08,157.08,154.4959,469.43,166.64,106.54,112.59,51.6,62.7,13.04,29.49,42.79,109.09,95.3108,55.28,192.5,52.33,82.49,98.5071,30.93,111.8517,126.6457,105.6,40.56
2018-09-12,69.24,156.6,155.3137,468.15,166.24,106.09,112.03,52.37,63.56,13.63,30.16,43.2,108.87,95.44,55.09,192.01,52.58,83.28,99.125,31.12,112.1,130.4657,105.8,40.82
2018-09-13,68.92,159.19,156.1316,469.87,167.63,104.96,112.95,52.73,63.5,13.58,30.22,43.81,109.69,96.92,55.51,193.13,51.3,84.75,100.61,30.68,113.76,136.5139,108.49,41.23
2018-09-14,68.58,156.99,156.7101,467.98,168.61,105.31,112.17,53.24,62.58,13.69,30.38,44.14,111.2,97.48,55.82,194.0,51.55,85.42,100.9,30.79,114.46,135.7877,109.06,41.6
2018-09-17,68.82,158.02,156.24,469.47,168.75,103.46,112.99,53.62,63.05,13.72,30.64,44.14,110.96,97.62,55.95,193.09,51.95,86.23,102.45,31.99,115.36,135.7778,109.35,41.99
2018-09-18,68.03,158.17,156.65,472.98,168.69,102.1,113.27,53.72,64.27,14.01,30.85,44.92,112.87,97.23,56.16,195.33,52.5,86.06,103.06,31.49,116.45,137.5286,111.82,42.15
2018-09-19,68.73,164.37,157.83,475.04,169.17,102.71,115.05,54.22,64.84,14.3,31.52,44.23,114.42,98.52,56.61,196.1,53.13,88.18,105.49,31.8,117.78,136.7925,111.62,41.8
2018-09-20,70.03,166.21,159.2,477.98,170.42,104.49,115.92,54.58,64.41,14.39,31.5,44.39,115.04,99.81,56.84,195.49,53.31,89.55,106.6,32.31,118.16,139.1799,112.58,42.11
2018-09-21,69.69,166.5,159.4,469.96,170.61,105.21,115.98,54.12,64.38,14.61,31.56,44.57,115.55,99.88,56.33,192.18,52.81,89.86,105.42,32.33,116.69,140.46,112.76,41.74
